Date,Open,High,Low,Close,Adj Close,Volume
2018-01-01,72572.0,73200.0,71900.0,72402.8515625,72095.0,7348
2018-01-02,72305.0,72899.703125,71059.1015625,71246.1015625,70943.1640625,7345
2018-01-03,71680.0,71899.8984375,71000.0,71173.3515625,70870.734375,9083
2018-01-04,71499.0,71644.8515625,70851.203125,71219.8515625,70917.03125,4477
2018-01-05,71390.0,73000.0,71300.0,72905.8984375,72595.921875,9189
2018-01-08,72900.0,73570.0,72286.953125,72610.5,72301.7734375,6757
2018-01-09,72965.0,73270.0,72020.0,73025.046875,72714.5625,5587
2018-01-10,73040.0,73112.3515625,72100.0,72481.5,72173.328125,9006
2018-01-11,72700.0,72700.0,71950.046875,72311.953125,72004.4921875,4998
2018-01-12,72310.0,73100.0,71814.1015625,71970.953125,71664.9375,11548
2018-01-15,71970.953125,72499.953125,71350.0,71534.0,71229.8515625,6503
2018-01-16,71401.0,71900.5,69889.6015625,70284.546875,69985.71875,7410
2018-01-17,70480.0,70751.6484375,69731.6484375,70420.796875,70121.375,4005
2018-01-18,70800.0,70848.953125,68601.453125,68804.453125,68511.90625,7680
2018-01-19,69100.0,69399.8984375,68500.0,69156.0,68861.953125,7715
2018-01-22,69156.0,69878.296875,68875.0,69677.296875,69381.0390625,3327
2018-01-23,69600.0,70456.0,69531.796875,69930.703125,69633.375,6857
2018-01-24,69700.0,70171.453125,68700.0,68894.5,68601.5625,6431
2018-01-25,69050.0,69439.953125,67055.546875,67543.6484375,67256.4609375,7157
2018-01-29,67165.0,68447.6015625,66750.0,66906.75,66622.28125,7203
2018-01-30,67300.0,68446.0,67010.0,68261.546875,67971.3046875,6008
2018-01-31,68395.0,68798.75,67215.75,68113.3515625,67823.7265625,8102
2018-02-01,68115.0,72750.0,67200.0,71776.6484375,71471.4609375,29028
2018-02-02,71400.0,71654.8515625,68050.0,69259.3984375,68964.9140625,19860
2018-02-05,68016.25,69350.0,67658.5,68615.1015625,68323.375,12193
2018-02-06,64000.0,68950.0,64000.0,68528.453125,68237.0859375,21197
2018-02-07,68899.953125,69499.953125,68250.046875,68827.453125,68534.8046875,9654
2018-02-08,69001.0,70763.546875,68800.0,70171.046875,69872.6875,12304
2018-02-09,69100.1015625,70377.0,68752.25,70013.796875,69719.0703125,4799
2018-02-12,70011.0,71840.0,70011.0,71640.8984375,71339.3359375,7298
2018-02-14,71720.0,72606.1015625,71650.0,72329.203125,72024.7578125,10260
2018-02-15,72329.0,72780.6015625,71740.796875,72156.25,71852.53125,7756
2018-02-16,72357.0,72517.0,70601.6015625,71162.546875,70863.015625,5347
2018-02-19,71555.0,71698.0,70200.0,70624.0,70326.71875,3821
2018-02-20,70635.1015625,71100.0,70430.0,70825.5,70527.375,3989
2018-02-21,70855.0,71999.0,70702.953125,71787.046875,71484.875,5414
2018-02-22,71500.0,71500.0,69599.0,70107.796875,69812.6953125,4823
2018-02-23,70139.953125,72800.0,70139.953125,72473.3984375,72168.34375,7984
2018-02-26,72550.0,72980.5,72400.0,72690.796875,72384.8125,4426
2018-02-27,72670.0,73149.0,71660.8984375,72665.796875,72359.921875,9668
2018-02-28,72599.953125,73840.0,72000.0,73391.6015625,73082.671875,11901
2018-03-01,73391.6015625,74100.0,72520.0,72683.6484375,72377.703125,5016
2018-03-05,72683.0,73566.6015625,72000.0,72324.6484375,72020.21875,8937
2018-03-06,73000.0,73000.0,71310.0,71475.8515625,71175.0,5388
2018-03-07,71440.0,71899.1015625,70020.6484375,70249.203125,69953.5,6459
2018-03-08,70500.0,70811.6484375,69800.0,70204.3984375,69908.8828125,7016
2018-03-09,70759.0,71379.5,70111.1484375,70781.6484375,70483.703125,5005
2018-03-12,70950.0,71332.953125,70799.953125,71094.203125,70794.9453125,3757
2018-03-13,70815.0,72100.0,70815.0,71717.296875,71415.4140625,4148
2018-03-14,71160.0,71845.203125,71000.0,71281.6484375,70981.6015625,4663
2018-03-15,71225.0,71945.8515625,71086.3984375,71737.953125,71435.9921875,3803
2018-03-16,71670.0,71670.0,70000.0,70211.6484375,69916.1015625,4914
2018-03-19,70500.0,70895.6015625,69699.8984375,70074.8515625,69779.8828125,3928
2018-03-20,69950.0,70111.703125,69455.6484375,69593.046875,69300.1171875,2849
2018-03-21,69999.953125,70200.0,69725.0,69966.453125,69671.953125,4761
2018-03-22,70000.0,70220.0,69257.5,69489.296875,69196.796875,3754
2018-03-23,68170.0,69486.0,68170.0,69236.8984375,68945.453125,4854
2018-03-26,69237.0,70399.0,68800.0,69961.75,69667.265625,7329
2018-03-27,70201.5,72887.953125,70201.5,72656.046875,72350.203125,9594
2018-03-28,72001.25,73649.953125,71610.453125,72513.25,72208.03125,14061
2018-04-02,72700.0,73333.0,72542.3515625,73122.453125,72814.6484375,3468
2018-04-03,72975.0,75799.0,72800.0,75502.3984375,75184.578125,21139
2018-04-04,75350.0,76034.0,73745.953125,74734.203125,74419.625,11549
2018-04-05,75501.0,77199.0,75500.1015625,77012.546875,76688.3828125,16500
2018-04-06,76901.0,77270.0,76218.25,77137.25,76812.5546875,7307
2018-04-09,77137.0,77400.0,76700.0,77243.8984375,76918.7578125,6579
2018-04-10,77243.8984375,77300.0,76501.0,76831.1015625,76507.6875,3552
2018-04-11,77000.0,77000.0,76135.1484375,76467.6015625,76145.7109375,3136
2018-04-12,76499.0,78363.296875,76150.0,77613.703125,77287.0,11854
2018-04-13,77800.0,78540.0,77600.0,78091.3515625,77762.6328125,10905
2018-04-16,77506.0,78590.0,77506.0,78370.5,78040.609375,4416
2018-04-17,78299.0,80102.0,78180.8515625,79771.6484375,79435.8671875,11498
2018-04-18,79999.0,80100.0,78950.0,79069.8515625,78737.03125,5399
2018-04-19,79499.0,79899.0,79090.0,79320.0,78986.1171875,5829
2018-04-20,79390.0,79479.8515625,78000.0,78110.1015625,77781.3203125,6038
2018-04-23,78300.0,78742.703125,77600.0,77961.453125,77633.2890625,4238
2018-04-24,77600.0,79060.0,77600.0,77948.3984375,77620.2890625,3784
2018-04-25,78110.0,78300.0,76900.0,77496.3984375,77170.1953125,4176
2018-04-26,77551.0,77598.0,76225.046875,76509.1484375,76187.09375,8038
2018-04-27,77179.0,80570.0,76901.1015625,80413.25,80074.765625,19559
2018-04-30,80416.0,81425.953125,79720.0,79933.453125,79596.984375,7899
2018-05-02,79900.0,81400.0,79430.8984375,79610.796875,79275.703125,7999
2018-05-03,79729.0,80133.3515625,76700.0,77028.1484375,76703.90625,33135
2018-05-04,77880.0,77898.953125,75595.8515625,75721.5,75402.765625,8851
2018-05-07,76000.0,76695.8984375,75610.203125,76115.046875,75794.65625,5681
2018-05-08,76406.8984375,76406.8984375,75600.0,75746.75,75427.90625,4047
2018-05-09,75525.0,76599.0,75210.0,76019.796875,75699.8046875,12724
2018-05-10,76540.0,76540.0,74750.0,74881.453125,74566.2421875,8010
2018-05-11,75300.0,75400.0,74300.0,74675.5,74361.1640625,20861
2018-05-14,74750.0,75152.703125,74515.453125,74737.3515625,74422.7734375,3327
2018-05-15,74850.0,75599.0,74341.6484375,74604.953125,74290.921875,4574
2018-05-16,74500.0,75098.8515625,73978.046875,74873.3984375,74558.2265625,7566
2018-05-17,74803.3984375,75276.953125,74400.0,74559.953125,74246.109375,4063
2018-05-18,74555.0,75509.0,73925.1015625,74206.203125,73893.859375,5414
2018-05-21,74399.953125,74449.203125,72863.546875,73102.1015625,72794.390625,4517
2018-05-22,73200.0,74299.953125,72701.0,73873.453125,73562.5,3535
2018-05-23,73755.1484375,74500.0,73588.796875,74140.5,73828.40625,4850
2018-05-24,74140.5,74511.296875,73156.1484375,73600.703125,73290.890625,3405
2018-05-25,73750.0,74555.0,73652.046875,73866.3984375,73555.46875,4540
2018-05-28,74100.0,76497.453125,74100.0,76062.3515625,75742.1875,5926
2018-05-29,76001.0,77429.0,75250.0,76392.25,76070.6953125,5286
2018-05-30,76321.0,77423.0,75455.3515625,77087.6015625,76763.109375,4958
2018-05-31,77190.0,77688.0,75339.0,75734.046875,75415.25,4232
2018-06-01,75811.0,76774.8984375,74400.1015625,74848.8984375,74533.828125,4375
2018-06-04,75400.0,75490.0,74111.046875,74480.6015625,74167.0859375,3391
2018-06-05,74700.0,75000.0,73105.0,73815.6484375,73504.9453125,5761
2018-06-06,74064.0,74691.0,73410.203125,74282.5,73969.8125,4004
2018-06-07,74450.0,75880.0,74449.953125,75427.453125,75109.96875,4555
2018-06-08,75399.8984375,76503.046875,74500.0,75929.0,75609.390625,4143
2018-06-11,76249.0,76751.546875,75900.203125,76407.6015625,76085.9765625,3015
2018-06-12,76860.0,76860.0,75353.046875,75580.703125,75262.5625,3000
2018-06-13,75900.0,76232.453125,74952.046875,75048.046875,74732.1484375,2476
2018-06-14,75077.0,75664.953125,74784.046875,75349.6015625,75032.4296875,3518
2018-06-15,75250.0,75899.0,75200.0,75351.1484375,75033.96875,3971
2018-06-18,75480.0,76250.0,74200.0,74359.796875,74046.7890625,3810
2018-06-19,74599.0,75200.0,73999.0,74849.796875,74534.71875,3367
2018-06-20,75249.796875,75349.796875,74000.0,74877.6484375,74562.46875,11625
2018-06-21,74990.0,75500.0,74566.046875,74771.6484375,74456.9140625,3478
2018-06-22,75049.0,76080.3984375,74588.796875,75703.3984375,75384.734375,3092
2018-06-25,76100.0,76100.0,75000.0,75186.703125,74870.21875,2664
2018-06-26,74880.0,75548.0,74705.0,74972.75,74657.1640625,4297
2018-06-27,75545.0,75545.0,73540.0,74037.546875,73725.90625,4778
2018-06-28,74373.953125,74800.0,72605.0,72933.046875,72626.0390625,13071
2018-06-29,73297.703125,75397.25,73297.703125,74974.453125,74658.859375,6906
2018-07-02,75270.0,75834.953125,74600.0,75197.796875,74881.265625,3945
2018-07-03,75300.0,75850.0,74900.0,75459.203125,75141.5625,2537
2018-07-04,75499.0,76350.0,75050.0,75896.953125,75577.46875,2761
2018-07-05,76074.6484375,76350.0,75301.1484375,75477.3984375,75159.671875,2341
2018-07-06,75350.0,76198.953125,74838.8515625,75097.1484375,74781.046875,4502
2018-07-09,75499.8984375,75900.0,75097.0,75505.0,75187.171875,3521
2018-07-10,75551.0,76429.3515625,75240.046875,75943.8984375,75624.21875,5016
2018-07-11,76000.0,76549.0,75525.046875,76153.796875,75833.25,3293
2018-07-12,76500.0,78178.3515625,76405.0,77611.203125,77284.5078125,13063
2018-07-13,77611.203125,77999.0,76560.0,77059.75,76735.3828125,3963
2018-07-16,77060.0,77060.0,74118.5,74332.0,74019.109375,7317
2018-07-17,74599.953125,75372.6484375,74327.0,74608.953125,74294.90625,5825
2018-07-18,75248.0,75490.0,73666.0,73852.3515625,73541.4921875,4812
2018-07-19,74404.8515625,74920.0,73938.953125,74475.296875,74161.796875,3949
2018-07-20,74225.296875,77683.5,74100.0,76812.453125,76489.1328125,9474
2018-07-23,76999.0,78000.0,75712.0,77782.5,77455.078125,4861
2018-07-24,77848.0,78267.203125,77057.546875,77627.8984375,77301.140625,7761
2018-07-25,77115.0,78900.0,77115.0,78208.75,77879.5546875,5727
2018-07-26,78500.0,78899.0,78310.953125,78644.75,78313.71875,4472
2018-07-27,78999.0,81013.546875,78600.046875,80860.453125,80520.0859375,11401
2018-07-30,80998.0,81190.953125,79201.0,79931.3984375,79594.9375,7295
2018-07-31,80740.0,80740.0,79277.8515625,79490.3515625,79155.75,4446
2018-08-01,79987.0,80396.796875,79200.0,79578.8515625,79297.75,4888
2018-08-02,79580.0,79580.0,78005.0,78372.953125,78149.1484375,5254
2018-08-03,78622.953125,79150.0,78379.8515625,78477.1484375,78253.0390625,3557
2018-08-06,78485.0,78935.8515625,76501.0,76892.296875,76672.71875,5089
2018-08-07,76880.0,77583.3515625,76701.0,77200.203125,76979.734375,4539
2018-08-08,77099.75,77589.8515625,76311.1015625,76650.1015625,76431.2109375,6784
2018-08-09,77077.0,77450.203125,75411.046875,75995.1015625,75778.078125,27709
2018-08-10,76000.0,76299.703125,74100.0,74233.953125,74021.9609375,13065
2018-08-13,74489.8984375,74489.8984375,73150.0,73253.953125,73044.75,15760
2018-08-14,73503.953125,74300.0,73400.0,73819.796875,73608.984375,12251
2018-08-16,73850.0,74199.8984375,73100.0,73164.703125,72955.765625,7142
2018-08-17,73200.0,73900.0,73141.0,73747.75,73537.1484375,7752
2018-08-20,73999.0,75089.703125,73500.0,74761.8984375,74548.3984375,15186
2018-08-21,75111.0,75250.0,74256.703125,74498.953125,74286.1953125,11543
2018-08-23,74500.0,74800.0,74100.0,74573.5,74360.5390625,4828
2018-08-24,74500.0,75052.6484375,73800.0,74075.8984375,73864.3671875,2937
2018-08-27,74300.0,74500.0,74000.0,74171.8984375,73960.078125,2216
2018-08-28,74649.0,74649.0,73202.8515625,73316.8984375,73107.5234375,4230
2018-08-29,73640.0,73640.0,73200.0,73286.3984375,73077.109375,3222
2018-08-30,73753.8984375,74153.953125,73001.0,73218.796875,73009.703125,5919
2018-08-31,73250.0,74300.0,73000.0,74026.75,73815.34375,4913
2018-09-03,73777.0,74169.953125,73000.0,73038.8984375,72830.3125,3917
2018-09-04,73300.0,73600.0,70850.0,71028.8984375,70826.0546875,8961
2018-09-05,71299.0,71299.0,70001.0,70352.296875,70151.3828125,7748
2018-09-06,70799.8984375,70984.296875,70100.0,70830.546875,70628.2734375,4867
2018-09-07,70881.0,72000.0,70632.046875,71251.953125,71048.484375,4849
2018-09-10,71501.0,71550.046875,70450.0,70506.5,70305.140625,4334
2018-09-11,70506.5,71099.953125,69600.0,69769.546875,69570.3046875,3404
2018-09-12,69860.0,69958.953125,68201.1015625,69143.3515625,68945.8828125,8913
2018-09-14,69500.0,70712.8984375,69500.0,70244.296875,70043.6953125,6967
2018-09-17,70200.0,70200.0,69650.1015625,69782.296875,69583.015625,2670
2018-09-18,69782.296875,70119.0,68500.8515625,68731.3515625,68535.0703125,4569
2018-09-19,69095.0,69249.953125,67390.0,67783.3984375,67589.828125,11985
2018-09-21,68195.0,68500.0,62500.0,66744.3984375,66553.78125,10416
2018-09-24,67000.0,67000.046875,64450.0,64568.0,64383.609375,7655
2018-09-25,64677.0,67100.0,63125.0,65780.6484375,65592.7890625,17921
2018-09-26,66988.0,66988.0,65800.0,66318.546875,66129.15625,4318
2018-09-27,67015.0,68200.0,63950.05078125,64202.8515625,64019.5078125,12368
2018-09-28,64500.0,65737.3984375,62300.0,63598.55078125,63416.93359375,11536
2018-10-01,64100.0,64100.0,62150.0,63025.6484375,62845.66015625,12283
2018-10-03,63077.0,63654.0,62555.05078125,63138.80078125,62958.49609375,10722
2018-10-04,62699.94921875,62699.94921875,61400.0,61603.80078125,61427.8828125,13688
2018-10-05,61400.0,61400.0,60501.0,61022.19921875,60847.9375,9200
2018-10-08,60711.0,61751.0,59601.0,61120.8984375,60946.35546875,12830
2018-10-09,61899.0,62700.0,60660.0,61997.30078125,61820.24609375,4980
2018-10-10,61521.0,64300.0,61521.0,63979.6015625,63796.88671875,6132
2018-10-11,62990.0,64269.6484375,61709.05078125,63427.5,63246.37109375,6805
2018-10-12,63620.0,64959.94921875,63620.0,63978.3515625,63795.640625,11121
2018-10-15,63625.19921875,64579.8515625,62000.0,62600.6015625,62421.83203125,12243
2018-10-16,62991.8515625,63980.0,62862.1484375,63212.94921875,63032.4296875,6090
2018-10-17,63750.0,64263.75,61900.0,62101.8515625,61924.50390625,6380
2018-10-19,61965.0,62690.0,60900.0,61967.8515625,61790.89453125,7567
2018-10-22,62749.94921875,62749.94921875,61999.0,62206.94921875,62029.3046875,4196
2018-10-23,61600.0,62177.0,61301.0,61723.6484375,61547.38671875,5082
2018-10-24,62440.0,62700.0,61805.1484375,62350.0,62171.94140625,3986
2018-10-25,62000.0,62480.0,60800.0,61362.5,61187.265625,7477
2018-10-26,61300.0,63421.5,60666.0,63056.1484375,62876.07421875,10200
2018-10-29,63200.0,64350.0,62525.0,63932.25,63749.6796875,5004
2018-10-30,63402.19921875,64900.0,63402.19921875,64309.1484375,64125.49609375,6896
2018-10-31,64342.0,64900.0,63684.0,64498.55078125,64314.359375,4183
2018-11-01,64498.55078125,65350.0,64498.05078125,64742.05078125,64557.1640625,4418
2018-11-02,65050.0,66676.546875,65012.3984375,66480.796875,66290.9453125,6742
2018-11-05,66700.0,66800.0,65910.0,66153.796875,65964.8828125,3810
2018-11-06,66200.0,66607.3984375,64900.0,65160.69921875,64974.61328125,4248
2018-11-07,65670.0,65933.1484375,65177.0,65564.953125,65377.71875,1058
2018-11-09,65050.1015625,66502.0,64513.1484375,66345.1015625,66155.640625,10673
2018-11-12,66345.0,66985.046875,65060.5,65203.1484375,65016.94921875,4542
2018-11-13,65203.1484375,66190.0,64802.05078125,65822.1484375,65634.1796875,4985
2018-11-14,66100.0,66740.0,65240.0,65545.953125,65358.76953125,8200
2018-11-15,65999.0,66333.0,65200.0,65784.8515625,65596.9765625,7974
2018-11-16,65900.0,66800.0,65588.453125,65754.953125,65567.171875,5438
2018-11-19,65770.0,66400.0,65501.0,66190.296875,66004.2890625,3936
2018-11-20,66200.0,66330.0,65713.203125,66024.453125,65838.9140625,3325
2018-11-21,66251.0,67568.0,66110.0,67324.203125,67135.0078125,8262
2018-11-22,67400.0,68169.953125,67202.0,67607.3984375,67417.3984375,6407
2018-11-26,68000.0,68710.0,67607.453125,68198.75,68007.0859375,10287
2018-11-27,67866.203125,68680.0,67400.046875,68575.25,68382.5234375,6030
2018-11-28,68501.0,69340.0,68360.75,68792.25,68598.9296875,6588
2018-11-29,69002.0,69150.0,68011.0,68289.8984375,68097.9921875,7575
2018-11-30,68400.0,68678.546875,67150.8984375,67332.046875,67142.828125,5175
2018-12-03,67500.0,67949.0,66608.0,66692.8515625,66505.4296875,5041
2018-12-04,66800.0,67137.703125,65931.953125,66128.75,65942.90625,2992
2018-12-05,66000.0,66196.6484375,65136.0,65284.0,65100.53125,3690
2018-12-06,65299.0,65312.05078125,64445.05078125,64764.80078125,64582.796875,2960
2018-12-07,65269.0,65700.0,64864.05078125,65574.8515625,65390.578125,3550
2018-12-10,64100.05078125,64895.44921875,64100.05078125,64364.6015625,64183.71875,3289
2018-12-11,63666.0,66500.0,63666.0,66171.703125,65985.75,7236
2018-12-12,66272.0,68490.0,66222.0,68146.546875,67955.0390625,6981
2018-12-13,68280.0,68899.0,67102.703125,67463.546875,67273.953125,5719
2018-12-14,67299.0,67500.0,66050.0,66335.046875,66148.6328125,5721
2018-12-17,66415.0,67200.0,66222.0,66375.1484375,66188.625,3561
2018-12-18,66477.0,67998.953125,66100.046875,67561.5,67371.640625,4752
2018-12-19,68000.0,69500.0,67749.3984375,69326.953125,69132.1171875,10484
2018-12-20,68750.0,69900.0,68750.0,69049.703125,68855.6484375,10183
2018-12-21,69049.703125,69561.0,66700.0,67003.8515625,66815.5546875,9352
2018-12-24,67003.953125,67347.0,65897.0,66117.6484375,65931.8359375,5788
2018-12-26,66200.0,67503.0,65105.25,67319.6484375,67130.46875,9920
2018-12-27,67398.8984375,67699.0,66526.0,66686.3515625,66498.953125,8775
2018-12-28,67279.0,67475.0,66980.0,67036.953125,66848.5625,4257
2018-12-31,67550.0,67550.0,66812.3984375,66984.703125,66796.4609375,5943
2019-01-01,67299.0,67299.0,66500.3515625,66801.203125,66613.4765625,4193
2019-01-02,66500.0,67100.0,66150.703125,66635.5,66448.2421875,7531
2019-01-03,66750.0,67400.0,66458.703125,66818.25,66630.4765625,4603
2019-01-04,66999.703125,67349.8984375,66201.046875,66603.1484375,66415.9765625,4278
2019-01-07,67100.0,67345.8984375,66666.1484375,66978.546875,66790.3203125,6823
2019-01-08,66700.0,66976.0,66226.0,66439.8984375,66253.1875,2284
2019-01-09,66501.0,66999.0,65820.453125,66070.3515625,65884.671875,4369
2019-01-10,66249.0,67094.953125,65909.0,66700.703125,66513.265625,4018
2019-01-11,66898.8984375,67000.0,66300.0,66937.25,66749.1328125,2580
2019-01-14,66600.0,66996.953125,65955.8984375,66653.046875,66465.734375,5052
2019-01-15,66650.0,66989.953125,66077.0,66195.6015625,66009.5859375,3863
2019-01-16,66220.0,66485.703125,65900.0,65991.203125,65805.7578125,3514
2019-01-17,66291.0,66291.0,65600.0,65802.796875,65617.8671875,3530
2019-01-18,66005.0,66098.203125,65650.0,65739.796875,65555.046875,1613
2019-01-21,65739.796875,66298.953125,65501.0,66126.1015625,65940.265625,8009
2019-01-22,65900.0,66166.8515625,65100.0,65259.6015625,65076.20703125,4697
2019-01-23,65378.0,66289.953125,65300.0,66072.046875,65886.359375,3086
2019-01-24,66000.0,66188.3984375,64500.0,64902.75,64720.359375,4134
2019-01-25,65300.0,65533.30078125,63700.0,63920.94921875,63741.3203125,3105
2019-01-28,63875.0,63875.0,62450.0,62559.94921875,62384.13671875,4488
2019-01-29,62830.0,62830.0,61500.0,61868.1484375,61694.28515625,8712
2019-01-30,62384.0,62384.0,61150.0,61329.3984375,61157.04296875,6589
2019-01-31,61500.0,61767.6015625,60540.1484375,61289.19921875,61116.9609375,7598
2019-02-01,61489.19921875,62699.8984375,61012.1015625,61275.69921875,61103.4921875,7551
2019-02-04,61944.0,61944.0,59800.0,59906.55078125,59738.19921875,7858
2019-02-05,60299.0,60400.0,59500.0,60004.30078125,59835.671875,6603
2019-02-06,60300.0,60300.0,59550.0,59936.0,59767.5625,5305
2019-02-07,60035.0,60800.0,58960.05078125,59410.55078125,59243.59375,22636
2019-02-08,59188.94921875,59188.94921875,56300.0,56451.3515625,56292.7109375,24277
2019-02-11,56450.0,56900.0,54725.0,55345.6015625,55190.0703125,14323
2019-02-12,55750.0,56178.0,54900.0,55355.3984375,55199.8359375,10994
2019-02-14,55600.0,56600.0,55315.0,56302.19921875,56143.9765625,8943
2019-02-15,56302.0,56408.30078125,55000.0,55136.8515625,54984.8359375,12188
2019-02-18,55248.0,55499.0,54254.19921875,54460.1484375,54309.99609375,5980
2019-02-19,54480.1484375,55403.94921875,53858.3515625,54227.8984375,54078.38671875,10536
2019-02-20,54529.8984375,54970.0,54125.0,54793.19921875,54642.12890625,6031
2019-02-21,54829.0,55250.0,54505.0,54710.6484375,54559.8046875,3891
2019-02-22,54720.0,55150.0,54553.5,54960.80078125,54809.26953125,4411
2019-02-25,55468.0,55468.0,54855.0,55340.1484375,55187.5703125,4311
2019-02-26,55140.1484375,56387.1015625,54400.0,55952.8984375,55798.62890625,5776
2019-02-27,56400.0,57266.0,56152.8984375,56862.75,56705.97265625,11007
2019-02-28,57390.0,57400.0,56572.0,56839.55078125,56682.8359375,12341
2019-03-01,56907.0,57400.0,56907.0,57129.1015625,56971.58984375,4094
2019-03-05,57397.0,58000.0,57218.5,57663.25,57504.26953125,8410
2019-03-06,58040.0,58790.0,57555.0,58566.3984375,58404.92578125,7261
2019-03-07,58570.0,58594.8515625,57645.1015625,57839.75,57680.28125,4062
2019-03-08,58000.0,58000.0,56830.0,57026.6015625,56869.375,6779
2019-03-11,57040.0,57980.1484375,57040.0,57708.30078125,57549.1875,5144
2019-03-12,58100.0,58253.6484375,56801.0,57171.0,57013.375,13277
2019-03-13,57800.0,58000.0,57200.0,57414.6015625,57256.3046875,8933
2019-03-14,57990.0,57990.0,57001.0,57161.44921875,57003.8515625,10389
2019-03-15,57200.0,58000.0,56911.0,57609.5,57450.6640625,8692
2019-03-18,57998.0,57998.0,57244.0,57433.75,57275.3984375,5722
2019-03-19,57688.94921875,57688.94921875,57020.0,57444.25,57285.87109375,2978
2019-03-20,57400.0,57400.0,56800.0,56976.6015625,56819.5078125,4821
2019-03-22,57000.0,57299.0,56175.55078125,56547.75,56391.84375,5278
2019-03-25,56310.0,56320.0,55895.1484375,56006.25,55851.83984375,3193
2019-03-26,56399.0,56399.0,56050.0,56180.1484375,56025.25390625,5182
2019-03-27,56350.0,56885.0,56200.0,56585.1484375,56429.13671875,7145
2019-03-28,56740.0,56849.8984375,56100.05078125,56296.94921875,56141.73828125,5142
2019-04-01,58150.0,60689.94921875,58000.0,60163.8515625,59997.9765625,15675
2019-04-02,60250.0,61684.0,60200.0,60390.1015625,60223.59765625,13292
2019-04-03,60480.0,60830.0,59600.0,60040.19921875,59874.66015625,7111
2019-04-04,60262.0,60498.8984375,59750.05078125,60003.1484375,59837.7109375,6488
2019-04-05,60003.1484375,60400.0,59901.3515625,60259.19921875,60093.05859375,4012
2019-04-08,60554.0,60554.0,58573.05078125,58921.30078125,58758.8515625,4676
2019-04-09,59199.0,59350.0,57500.0,57641.19921875,57482.27734375,8355
2019-04-10,57800.0,58450.0,57300.0,57491.75,57333.23828125,7299
2019-04-11,57600.0,57991.0,57304.05078125,57468.8984375,57310.453125,3874
2019-04-12,57500.0,58599.0,57500.0,58515.75,58354.41796875,4869
2019-04-15,59000.0,59044.75,58028.19921875,58147.8984375,57987.58203125,4502
2019-04-16,58269.0,58540.0,57950.1015625,58056.1015625,57896.03515625,3320
2019-04-18,58203.0,58400.1015625,57526.1015625,57812.19921875,57652.80078125,4303
2019-04-22,57650.0,57747.1015625,56384.3984375,56595.1484375,56439.11328125,3745
2019-04-23,57085.0,57085.0,56400.0,56564.44921875,56408.49609375,3363
2019-04-24,56600.0,56800.0,55555.0,55642.3984375,55488.98828125,5419
2019-04-25,56049.0,56192.94921875,55300.0,55420.8984375,55268.09765625,5110
2019-04-26,55750.0,55839.75,54250.0,54410.05078125,54260.03515625,11658
2019-04-30,54410.05078125,54589.75,52500.0,52905.0,52759.13671875,9371
2019-05-02,52605.0,53690.0,51586.30078125,52424.8515625,52280.3125,26249
2019-05-03,52500.0,53400.0,52500.0,53110.8984375,52964.46484375,12837
2019-05-06,53110.8984375,53990.0,52706.0,53817.8515625,53669.46875,11787
2019-05-07,54000.0,54650.0,52666.30078125,52944.6484375,52798.67578125,5985
2019-05-08,53049.0,54500.0,53000.0,54117.75,53968.5390625,12180
2019-05-09,54400.0,54679.94921875,54000.0,54431.19921875,54281.125,7410
2019-05-10,54600.0,54798.94921875,53751.6015625,53947.3515625,53798.609375,5090
2019-05-13,53997.0,53997.8984375,52927.8984375,53071.75,52925.42578125,2913
2019-05-14,53140.0,53499.0,52850.0,53289.8515625,53142.9296875,3264
2019-05-15,53590.0,53799.0,53200.05078125,53559.30078125,53411.62890625,7314
2019-05-16,53849.0,53970.0,53100.0,53692.3984375,53544.36328125,5128
2019-05-17,53749.8984375,54750.0,53401.6484375,54369.69921875,54219.796875,5326
2019-05-20,54889.69921875,55149.94921875,54232.0,54761.30078125,54610.31640625,9203
2019-05-21,55000.0,55150.0,54415.0,54772.1015625,54621.0859375,5597
2019-05-22,54999.0,55250.0,54500.05078125,55123.8515625,54971.8671875,4630
2019-05-23,55523.0,56098.19921875,54500.0,54818.30078125,54667.1640625,9450
2019-05-24,55200.0,57464.80078125,55000.0,57009.30078125,56852.1171875,8395
2019-05-27,57300.0,57928.05078125,56677.5,56862.6484375,56705.87109375,6040
2019-05-28,57148.94921875,57250.0,56255.05078125,56416.69921875,56261.1484375,4862
2019-05-29,56600.0,56890.0,55701.0,55916.69921875,55762.53125,4761
2019-05-30,56250.0,56250.0,55025.0,55185.25,55033.09375,4519
2019-05-31,55299.1015625,55676.69921875,54525.0,55265.1015625,55112.73046875,6656
2019-06-03,55403.25,56431.94921875,55390.0,56002.44921875,55848.046875,6624
2019-06-04,56026.0,57600.0,56025.0,57382.44921875,57224.23828125,11498
2019-06-06,57599.94921875,57741.05078125,55510.6015625,55805.80078125,55651.9375,7419
2019-06-07,55950.0,56441.30078125,55112.0,55597.5,55444.2109375,6447
2019-06-10,55949.0,56000.0,55100.0,55594.55078125,55441.26953125,4118
2019-06-11,55800.0,56299.8984375,55501.0,56197.05078125,56042.109375,3948
2019-06-12,56270.0,56270.0,55417.30078125,55709.5,55555.90234375,4485
2019-06-13,55999.0,55999.0,54251.0,54770.94921875,54619.9375,6714
2019-06-14,54651.0,55144.0,54383.80078125,54704.75,54553.92578125,3387
2019-06-17,54950.0,55300.0,54148.8515625,54724.69921875,54573.8203125,5755
2019-06-18,54555.0,54950.0,54123.80078125,54619.80078125,54469.20703125,4368
2019-06-19,54700.0,54931.80078125,54326.0,54495.80078125,54345.546875,6317
2019-06-20,54599.94921875,55000.0,54114.8984375,54921.69921875,54770.2734375,2777
2019-06-21,54850.0,55199.8984375,54450.0,54922.3984375,54770.96875,3125
2019-06-24,54600.0,55089.94921875,54555.25,54660.69921875,54509.9921875,5044
2019-06-25,55050.0,56338.6484375,54498.94921875,55552.8984375,55399.73046875,13088
2019-06-26,55300.0,56350.0,55249.0,56094.75,55940.09375,5529
2019-06-27,56092.0,56900.0,56092.0,56501.94921875,56346.1640625,7335
2019-06-28,56799.0,56800.0,56346.8515625,56609.6015625,56453.51953125,6063
2019-07-01,56840.0,57147.94921875,56513.0,56758.8515625,56602.36328125,3293
2019-07-02,56758.8515625,56974.19921875,56182.0,56667.6015625,56511.36328125,3549
2019-07-03,56700.0,57075.3515625,56615.25,56806.6484375,56650.0234375,4265
2019-07-04,56810.0,57000.0,56301.1484375,56539.44921875,56383.5625,3757
2019-07-05,56540.0,56714.1015625,55750.0,56003.1484375,55848.7421875,3876
2019-07-08,55712.0,55712.0,54402.8515625,54776.25,54625.2265625,6867
2019-07-09,54893.0,54900.0,53980.0,54571.19921875,54420.7421875,6050
2019-07-10,54572.0,55400.0,54555.55078125,55196.8984375,55044.7109375,5225
2019-07-11,55001.0,56528.44921875,54696.0,56163.8984375,56009.046875,4222
2019-07-12,56148.0,56291.80078125,55680.0,56074.69921875,55920.09375,3806
2019-07-15,55810.0,56321.55078125,55810.0,56132.3984375,55977.6328125,4232
2019-07-16,55851.0,56745.0,55851.0,56510.8984375,56355.0859375,3608
2019-07-17,56510.0,56510.0,55817.5,56004.69921875,55850.29296875,4807
2019-07-18,56005.0,56252.75,55406.05078125,55538.3984375,55385.27734375,3075
2019-07-19,55740.0,55900.0,53175.8515625,53502.8515625,53355.34375,8765
2019-07-22,53782.8515625,54365.8515625,53254.05078125,54144.1015625,53994.81640625,3720
2019-07-23,54349.0,54435.3984375,53600.0,53941.80078125,53793.078125,3685
2019-07-24,54000.0,54639.94921875,53725.0,54028.6015625,53879.6328125,5309
2019-07-25,54025.0,54483.6015625,53800.0,54112.8984375,53963.69921875,4636
2019-07-26,54000.0,54981.75,54000.0,54338.5,54188.6796875,2683
2019-07-29,54340.0,54660.0,53510.0,53785.30078125,53637.01171875,7924
2019-07-30,53990.0,54289.75,53673.0,53778.5,53630.23046875,4885
2019-07-31,53801.0,53801.0,52636.55078125,53548.75,53401.109375,5426
2019-08-01,53450.0,53878.3515625,53100.0,53355.6015625,53262.203125,5918
2019-08-02,53050.0,54284.55078125,52411.1484375,53869.55078125,53775.2578125,5861
2019-08-05,53250.0,53650.0,52951.0,53352.8984375,53259.50390625,3159
2019-08-06,53200.0,54094.94921875,53200.0,53871.1484375,53776.8515625,2796
2019-08-07,54000.0,54450.0,53700.0,53998.5,53903.98046875,4650
2019-08-08,54015.0,54900.0,54005.0,54699.55078125,54603.8046875,2761
2019-08-09,54850.0,57431.6015625,54550.0,57034.44921875,56934.6171875,21845
2019-08-13,56601.30078125,57390.8984375,56011.1015625,56736.75,56637.43359375,7241
2019-08-14,56621.0,57871.5,56350.0,57293.0,57192.7109375,8058
2019-08-16,57300.0,58300.0,56501.3515625,56823.6015625,56724.13671875,5761
2019-08-19,57010.0,57745.0,57010.0,57589.80078125,57488.99609375,4045
2019-08-20,57502.0,57857.0,57228.94921875,57548.8984375,57448.16015625,3228
2019-08-21,57501.0,57857.0,57200.0,57737.0,57635.9375,3921
2019-08-22,57502.0,57700.0,56979.0,57572.44921875,57471.67578125,5127
2019-08-23,57600.0,58400.0,56521.05078125,57859.5,57758.2265625,5842
2019-08-26,58450.0,59000.0,57304.05078125,58782.3984375,58679.50390625,5060
2019-08-27,58780.0,59499.0,58650.55078125,58871.5,58768.44921875,4168
2019-08-28,58871.0,59200.0,57580.6015625,57924.5,57823.109375,3434
2019-08-29,57950.0,57988.0,57188.05078125,57545.6484375,57444.9140625,2946
2019-08-30,57660.0,58950.0,57660.0,58590.05078125,58487.4921875,4921
2019-09-03,58598.30078125,58649.8515625,57519.8515625,57801.55078125,57700.3671875,3399
2019-09-04,57801.55078125,58188.8984375,57495.05078125,57691.19921875,57590.21484375,3013
2019-09-05,57880.0,58260.0,57583.6015625,57722.44921875,57621.41015625,2103
2019-09-06,58080.0,58980.0,57900.1015625,58754.30078125,58651.453125,2892
2019-09-09,58802.0,59200.0,58333.0,58869.1015625,58766.0546875,2887
2019-09-11,58950.0,60280.0,58875.05078125,60101.94921875,59996.7421875,6205
2019-09-12,60256.0,61109.94921875,60000.0,60658.8984375,60552.7265625,7908
2019-09-13,60754.0,60996.69921875,59760.05078125,60119.94921875,60014.7109375,7070
2019-09-16,59799.0,59980.0,59300.05078125,59461.5,59357.4140625,2897
2019-09-17,59650.0,59993.6484375,57550.0,57852.3984375,57751.13671875,5455
2019-09-18,58699.0,58699.0,58000.0,58364.55078125,58262.3828125,4374
2019-09-19,58213.0,58400.0,57890.94921875,58069.1484375,57967.5,2409
2019-09-20,58380.0,65850.0,58069.1484375,64642.8984375,64529.74609375,25477
2019-09-23,64900.0,67467.0,64900.0,66180.25,66064.4140625,16170
2019-09-24,66749.0,67227.546875,65691.296875,65879.546875,65764.234375,8452
2019-09-25,65522.0,65990.0,64200.0,64499.5,64386.59765625,6021
2019-09-26,64499.5,65420.0,62150.0,62859.6015625,62749.5703125,20476
2019-09-27,62859.6015625,63875.8515625,62286.75,62674.55078125,62564.84375,7538
2019-09-30,62959.0,63449.8984375,62470.0,63291.55078125,63180.76171875,4885
2019-10-01,63299.0,63949.0,60768.94921875,61863.3984375,61755.109375,9209
2019-10-03,61863.3984375,62065.0,61200.0,61471.05078125,61363.453125,5960
2019-10-04,61980.0,61980.0,60515.8984375,60938.3515625,60831.68359375,4320
2019-10-07,60989.0,61559.0,60600.0,61165.1015625,61058.03125,3561
2019-10-09,61250.5,61500.8984375,60283.55078125,61186.1015625,61078.99609375,6263
2019-10-10,61200.0,61389.0,60736.8515625,61174.0,61066.9140625,3047
2019-10-11,61250.0,61887.55078125,61050.0,61722.69921875,61614.66015625,4974
2019-10-14,61723.0,62717.55078125,61641.3515625,61996.6484375,61888.125,4294
2019-10-15,62150.0,63297.8984375,61772.0,63027.5,62917.171875,4999
2019-10-16,63030.0,63615.94921875,62629.44921875,62896.8984375,62786.80078125,3660
2019-10-17,62896.0,65711.6015625,62656.0,64901.8984375,64788.29296875,7039
2019-10-18,64900.0,65086.94921875,63800.0,64019.75,63907.6875,4473
2019-10-22,64394.94921875,64749.8984375,64030.05078125,64211.30078125,64098.8984375,3206
2019-10-23,64288.0,64542.94921875,63866.44921875,64321.30078125,64208.7109375,5771
2019-10-24,64650.0,64700.0,63055.0,63480.19921875,63369.078125,8461
2019-10-25,63830.0,63980.0,63025.3515625,63285.6015625,63174.8203125,5263
2019-10-29,63579.0,65600.0,63334.1484375,65171.1484375,65057.0703125,10839
2019-10-30,65250.0,65450.0,64103.44921875,64893.30078125,64779.70703125,5400
2019-10-31,65200.0,66300.0,65105.1015625,65673.75,65558.796875,7189
2019-11-01,65990.0,66495.6015625,64684.3984375,64965.80078125,64852.08203125,7154
2019-11-04,65301.0,65709.953125,64200.0,64440.3515625,64327.55078125,5008
2019-11-05,64738.0,65200.8515625,63231.3984375,63855.75,63743.9765625,5484
2019-11-06,63880.0,64163.1484375,63365.05078125,63637.75,63526.35546875,3245
2019-11-07,63755.0,63921.8984375,63310.05078125,63522.6015625,63411.41015625,2116
2019-11-08,63681.3984375,65490.0,62855.69921875,64454.44921875,64341.62109375,15991
2019-11-11,64001.0,64100.0,62950.0,63085.19921875,62974.7734375,7175
2019-11-13,63380.0,63380.0,62400.0,62959.1484375,62848.9453125,4688
2019-11-14,63068.80078125,63700.0,62785.30078125,63621.5,63510.13671875,3395
2019-11-15,63749.05078125,64460.25,63312.30078125,63950.5,63838.5625,3201
2019-11-18,64110.3984375,64699.0,63850.0,64393.55078125,64280.83203125,3043
2019-11-19,64440.0,64440.55078125,63420.0,63539.3515625,63428.1328125,2672
2019-11-20,63849.0,64111.94921875,62750.19921875,63058.44921875,62948.0703125,2999
2019-11-21,63100.0,63430.19921875,62446.19921875,62546.5,62439.98828125,3752
2019-11-22,62546.0,63100.0,62500.05078125,62651.3515625,62544.66015625,3155
2019-11-25,62652.0,63954.0,62652.0,63860.1484375,63751.39453125,5750
2019-11-26,63865.0,64465.75,62933.75,63092.3515625,62984.90625,4604
2019-11-27,63100.0,63496.0,62851.0,63004.0,62896.70703125,4315
2019-11-28,63200.0,64298.8984375,62812.0,63982.6015625,63873.640625,4581
2019-11-29,63855.05078125,64116.19921875,63200.1015625,63397.05078125,63289.0859375,2797
2019-12-02,63397.05078125,63597.5,62550.0,62723.05078125,62616.234375,4456
2019-12-03,62879.05078125,63044.19921875,61931.44921875,62061.69921875,61956.01171875,4973
2019-12-04,62061.69921875,62555.1015625,61550.0,62092.1015625,61986.359375,4926
2019-12-05,62380.0,62597.8515625,61575.05078125,61760.25,61655.07421875,7439
2019-12-06,62187.8984375,62750.0,61253.3984375,61533.19921875,61428.41015625,6126
2019-12-09,61366.0,63097.1484375,61252.0,62490.3984375,62383.98046875,3917
2019-12-10,62400.0,62458.94921875,61525.05078125,62070.1015625,61964.3984375,3345
2019-12-11,62300.0,62348.94921875,61603.30078125,62050.19921875,61944.53125,2791
2019-12-12,62100.0,62950.0,62061.8984375,62692.1015625,62585.33984375,2718
2019-12-13,62800.0,64100.0,62800.0,63926.3515625,63817.48828125,4829
2019-12-16,63600.0,64850.0,63600.0,64254.25,64144.828125,5929
2019-12-17,64254.0,64999.55078125,63879.0,64703.75,64593.5625,3451
2019-12-18,64603.1484375,64929.94921875,64000.0,64126.8984375,64017.6953125,8346
2019-12-19,64250.0,64376.5,63728.05078125,64080.05078125,63970.92578125,3274
2019-12-20,64080.05078125,64387.94921875,63457.8984375,63765.19921875,63656.60546875,4087
2019-12-23,63600.0,63900.0,63387.6015625,63680.8984375,63572.453125,3576
2019-12-24,63616.0,63900.0,63449.8984375,63611.75,63503.421875,2205
2019-12-26,63612.0,63750.0,62796.44921875,63141.75,63034.22265625,3506
2019-12-27,63299.6015625,66599.796875,63202.1015625,65639.453125,65527.671875,8889
2019-12-30,65999.0,66990.0,65500.0,66252.3984375,66139.5703125,9010
2019-12-31,65995.703125,66579.0,65792.0,66330.296875,66217.3359375,6007
2020-01-01,66199.0,66944.0,66100.0,66709.046875,66595.4375,4235
2020-01-02,66709.046875,67715.953125,66266.0,67302.546875,67187.9375,6603
2020-01-03,67400.0,67466.6484375,66250.0,66583.453125,66470.0703125,5527
2020-01-06,66012.296875,66176.8984375,65120.1484375,65508.94921875,65397.38671875,10446
2020-01-07,65749.0,66515.046875,65100.0,65334.1015625,65222.83984375,10835
2020-01-08,64800.0,65237.8984375,64300.0,64871.55078125,64761.078125,7222
2020-01-09,65800.0,67150.0,65520.80078125,66917.703125,66803.75,9491
2020-01-10,66725.0,68100.0,66329.546875,67493.6484375,67378.7109375,9439
2020-01-13,67492.0,67900.0,66750.0,67016.703125,66902.578125,5981
2020-01-14,66701.0,67500.0,66452.0,66696.1015625,66582.5234375,8147
2020-01-15,66798.0,66918.6015625,65819.546875,66271.703125,66158.84375,7937
2020-01-16,66499.0,67150.0,65897.0,67059.3984375,66945.1953125,9044
2020-01-17,67460.0,70000.0,67139.953125,69312.8984375,69194.859375,22381
2020-01-20,69060.0,70220.25,68244.0,68510.75,68394.0859375,9587
2020-01-21,68400.0,68550.0,67586.8984375,67930.1484375,67814.46875,3847
2020-01-22,68459.0,68800.0,67521.1484375,67851.1484375,67735.6015625,4575
2020-01-23,68500.0,70000.0,68140.0,69878.6484375,69759.6484375,9651
2020-01-24,69611.0,70825.6484375,69500.0,70407.3515625,70287.453125,8680
2020-01-27,70290.0,70600.0,69781.0,70309.3515625,70189.6171875,7624
2020-01-28,70585.0,70999.953125,69342.046875,69864.703125,69745.7265625,5883
2020-01-29,70090.0,70600.0,70000.0,70372.546875,70252.7109375,4712
2020-01-30,70539.0,70600.0,69501.0,69818.6015625,69699.703125,6362
2020-01-31,69849.0,70600.0,69318.203125,69674.75,69556.1015625,4805
2020-02-03,68690.0,69888.0,68000.0,69462.6484375,69344.359375,6669
2020-02-04,69650.0,71899.0,69650.0,71680.1484375,71558.078125,12327
2020-02-05,71680.1484375,73565.703125,71680.1484375,72390.796875,72267.5234375,10788
2020-02-06,72599.0,73100.0,71260.0,71636.3515625,71514.359375,5926
2020-02-07,71899.0,71900.0,70371.25,70960.453125,70839.609375,5974
2020-02-10,71490.0,73500.0,69800.0,73247.8984375,73123.15625,29310
2020-02-11,73200.0,73500.0,71111.0,71381.703125,71260.140625,13405
2020-02-12,71755.0,72809.296875,71400.0,71675.953125,71553.890625,5903
2020-02-13,71967.0,71967.0,70901.1015625,71525.1484375,71403.34375,5184
2020-02-14,71800.0,72519.203125,71100.0,71799.203125,71676.9375,7017
2020-02-17,71800.0,72333.0,71200.0,71299.796875,71178.3828125,3950
2020-02-18,71500.0,71500.0,69525.0,69693.6015625,69577.8515625,9604
2020-02-19,70290.0,70437.1484375,69500.0,69959.296875,69843.1015625,5731
2020-02-20,69959.296875,71232.6015625,69751.1015625,70789.5,70671.921875,8466
2020-02-24,70888.0,70888.0,68500.1484375,68874.703125,68760.3046875,4295
2020-02-25,69100.0,69798.8984375,68500.0,69133.453125,69018.625,6211
2020-02-26,69134.0,69403.953125,67850.0,68140.0,68026.828125,5155
2020-02-27,68180.0,68339.953125,66730.703125,67559.453125,67447.2421875,6856
2020-02-28,66400.0,67296.6484375,65315.0,66393.203125,66282.9296875,11768
2020-03-02,66891.0,67595.8984375,65551.0,65976.296875,65866.71875,6419
2020-03-03,66799.0,68558.3515625,65600.0,67740.703125,67628.1953125,8202
2020-03-04,67270.0,67698.796875,66100.0,67053.3515625,66941.9765625,8187
2020-03-05,67300.046875,68169.8984375,66809.5,67325.1484375,67213.328125,5745
2020-03-06,66389.0,66500.203125,63858.55078125,66348.1484375,66237.953125,9851
2020-03-09,65800.0,65800.0,63052.44921875,64261.8515625,64155.1171875,9596
2020-03-11,64200.0,65687.296875,62703.0,63589.8515625,63484.234375,15621
2020-03-12,62001.0,62888.19921875,58000.0,60555.25,60454.67578125,17336
2020-03-13,56030.0,66300.0,56030.0,65929.3515625,65819.8515625,15213
2020-03-16,62000.0,63899.8515625,60309.05078125,61295.05078125,61193.2421875,11325
2020-03-17,61295.05078125,63749.80078125,60350.05078125,62140.69921875,62037.484375,14677
2020-03-18,62899.94921875,63395.1015625,59200.0,59921.1484375,59821.62109375,12224
2020-03-19,58950.0,59870.0,56950.5,57803.75,57707.7421875,18081
2020-03-20,58199.94921875,61111.1015625,57534.69921875,58988.94921875,58890.97265625,12332
2020-03-23,55905.0,56998.8515625,51500.0,51970.25,51883.9296875,20514
2020-03-24,55000.0,55000.0,49915.1015625,52597.69921875,52510.33984375,15772
2020-03-25,50155.55078125,57700.0,50155.55078125,56579.25,56485.27734375,16480
2020-03-26,56600.0,60742.6484375,54900.0,55343.75,55251.828125,16474
2020-03-27,57940.0,58200.0,53620.0,56371.25,56277.62109375,15883
2020-03-30,54700.0,55270.0,53522.8984375,54375.69921875,54285.3828125,39105
2020-03-31,54600.0,59312.0,54121.05078125,58164.44921875,58067.83984375,25755
2020-04-01,57900.0,57900.0,54675.44921875,55108.8515625,55017.3203125,20661
2020-04-03,55600.0,56200.0,54500.0,55062.25,54970.79296875,33126
2020-04-07,56500.0,58088.0,56055.05078125,57701.05078125,57605.2109375,18689
2020-04-08,56600.0,59500.0,56300.0,57172.75,57077.79296875,15231
2020-04-09,58599.0,60460.05078125,57700.19921875,60017.8984375,59918.2109375,17979
2020-04-13,59500.0,59831.3984375,57101.0,57399.19921875,57303.86328125,13752
2020-04-15,58500.0,58500.0,56760.0,57417.75,57322.37890625,17187
2020-04-16,57390.0,62000.0,57012.1015625,60441.8984375,60341.51171875,22062
2020-04-17,61541.8984375,62340.0,61000.0,61638.30078125,61535.921875,15847
2020-04-20,62000.0,62000.0,61150.0,61384.0,61282.04296875,9847
2020-04-21,60500.0,60793.6015625,58500.69921875,58864.75,58766.98046875,12668
2020-04-22,58875.0,59489.8984375,57829.0,58221.94921875,58125.25,14951
2020-04-23,58547.0,59341.8515625,58500.0,58712.3515625,58614.83203125,8688
2020-04-24,58225.0,59200.0,58000.0,58805.3984375,58707.73046875,8119
2020-04-27,59700.0,60290.0,58805.3984375,59206.55078125,59108.21484375,7821
2020-04-28,59800.0,59800.0,58550.0,59075.69921875,58977.578125,6233
2020-04-29,59100.0,59750.0,58900.0,59203.69921875,59105.3671875,8035
2020-04-30,59800.0,61800.0,59499.94921875,60510.6484375,60410.14453125,18800
2020-05-04,59499.94921875,59499.94921875,57700.0,57987.30078125,57890.98828125,9677
2020-05-05,58647.0,59350.0,57500.0,57750.0,57654.08203125,9615
2020-05-06,58350.0,58790.0,57200.1015625,58362.69921875,58265.7578125,8360
2020-05-07,58000.0,59000.0,58000.0,58831.05078125,58733.33203125,7492
2020-05-08,58902.0,59783.05078125,58450.0,58874.8984375,58777.109375,9752
2020-05-11,59025.0,59450.0,58286.0,58791.19921875,58693.55078125,12163
2020-05-12,58500.0,58629.8984375,57318.8515625,57632.1015625,57536.37890625,8170
2020-05-13,58850.0,60200.0,58221.5,59645.1484375,59546.078125,16232
2020-05-14,58676.0,59125.0,57925.3984375,58132.6015625,58036.046875,6586
2020-05-15,58751.0,58751.0,57775.0,58135.55078125,58038.9921875,8049
2020-05-18,58235.0,58499.94921875,56150.0,56356.05078125,56262.44921875,9020
2020-05-19,56850.0,57400.0,56600.0,56828.19921875,56733.80859375,6472
2020-05-20,57200.0,57400.0,56745.05078125,57298.8984375,57203.7265625,7045
2020-05-21,57399.0,58260.0,57300.0,57451.5,57356.078125,4818
2020-05-22,57309.44921875,57890.0,57000.0,57434.1015625,57338.70703125,4096
2020-05-26,57834.80078125,58199.94921875,57195.1484375,57726.1015625,57630.22265625,6257
2020-05-27,57825.0,58200.0,57500.0,58078.80078125,57982.3359375,5430
2020-05-28,57952.0,58950.0,57951.94921875,58466.19921875,58369.0859375,6482
2020-05-29,58350.5,59350.5,58350.5,59113.1015625,59014.921875,7484
2020-06-01,59500.0,62269.94921875,59365.6015625,61446.05078125,61343.9921875,11453
2020-06-02,61999.0,63738.44921875,61657.69921875,62692.3984375,62588.265625,11885
2020-06-03,63499.94921875,64172.30078125,61129.25,61744.25,61641.6953125,14523
2020-06-04,61844.25,62487.8984375,60710.0,61648.75,61546.3515625,11209
2020-06-05,61705.0,63844.0,61521.1015625,63526.19921875,63420.6875,13614
2020-06-08,63700.0,65150.0,63561.1015625,64244.3984375,64137.69140625,15854
2020-06-09,64970.0,64970.0,63550.0,63994.1484375,63887.85546875,12490
2020-06-10,63990.0,64394.1484375,63250.8984375,63796.3515625,63690.390625,7412
2020-06-11,63699.94921875,64099.94921875,62700.1484375,62884.94921875,62780.50390625,7919
2020-06-12,61000.0,64100.0,59500.0,63729.05078125,63623.19921875,11399
2020-06-15,64950.0,65499.0,62500.0,62993.6015625,62888.97265625,16231
2020-06-16,63725.0,64495.0,62077.5,62660.30078125,62556.2265625,9122
2020-06-17,62748.0,63500.0,62369.05078125,62968.25,62863.6640625,7254
2020-06-18,62888.0,63350.0,62701.05078125,62999.69921875,62895.05859375,4653
2020-06-19,63101.0,63592.94921875,62700.0,62949.30078125,62844.74609375,7143
2020-06-22,63200.0,65200.0,63200.0,64762.75,64655.18359375,11458
2020-06-23,65010.0,65650.546875,64155.69921875,64532.6484375,64425.46484375,8282
2020-06-24,65032.6484375,65870.0,63586.3984375,64128.1015625,64021.58984375,9738
2020-06-25,64160.0,65500.0,63870.0,64809.6484375,64702.00390625,7199
2020-06-26,65009.6484375,67000.0,65009.6484375,66457.703125,66347.3203125,15913
2020-06-29,66400.0,66800.796875,64830.05078125,65196.8984375,65088.61328125,19328
2020-06-30,66480.0,67725.0,65750.0,67274.5,67162.7578125,24297
2020-07-01,66800.0,66800.0,65600.0,65836.796875,65727.4375,13670
2020-07-02,66400.0,66800.0,65800.0,66092.8515625,65983.0703125,9523
2020-07-03,66301.0,66599.953125,65815.453125,66140.25,66030.3984375,8136
2020-07-06,66601.0,67550.0,66350.0,67333.546875,67221.7109375,10688
2020-07-07,67333.546875,67510.0,65600.0,66858.796875,66747.75,11291
2020-07-08,67000.0,67448.6484375,65000.69921875,65287.19921875,65178.76171875,16872
2020-07-09,65944.8984375,66200.0,65050.0,65335.8515625,65227.33203125,11634
2020-07-10,65799.0,65799.0,64515.0,64867.25,64759.51171875,12530
2020-07-13,65100.0,65698.8984375,64350.0,64673.44921875,64566.02734375,8442
2020-07-14,64800.0,64890.0,63610.1484375,64396.0,64289.04296875,10422
2020-07-15,64677.0,65199.94921875,63460.0,63675.3515625,63569.58984375,12777
2020-07-16,64000.0,64132.75,62431.3515625,63537.94921875,63432.41796875,11199
2020-07-17,63998.94921875,65870.8515625,63382.69921875,65360.55078125,65251.98828125,13834
2020-07-20,65500.0,65849.5,64720.1015625,65042.80078125,64934.765625,10937
2020-07-21,65800.0,65900.0,65250.25,65621.1015625,65512.10546875,10307
2020-07-22,65590.0,65590.0,64255.80078125,64407.75,64300.7734375,14416
2020-07-23,64793.55078125,64793.55078125,63100.0,63357.3515625,63252.12109375,13509
2020-07-24,63199.0,63800.0,62700.0,62976.5,62871.90234375,15917
2020-07-27,63580.0,63580.0,61605.0,61931.6015625,61828.734375,14479
2020-07-28,62199.80078125,63000.0,62006.0,62204.8984375,62101.578125,14267
2020-07-29,62400.0,62800.0,61550.0,61815.1015625,61712.43359375,9789
2020-07-30,62000.0,62399.8984375,60700.69921875,61043.1484375,60941.7578125,12271
2020-07-31,61200.0,61600.0,60602.0,61048.55078125,60947.1484375,11425
2020-08-03,61000.0,61800.0,60802.25,60974.6484375,60873.37109375,9152
2020-08-04,61500.0,61700.0,61004.1484375,61270.1015625,61168.33203125,15026
2020-08-05,61400.0,61900.0,61150.0,61519.05078125,61416.87109375,9425
2020-08-06,61500.0,61850.0,61100.0,61345.80078125,61243.90625,4610
2020-08-07,61250.0,63260.0,61250.0,62702.80078125,62598.65234375,29581
2020-08-10,62798.0,63550.0,61700.0,61863.0,61760.24609375,9740
2020-08-11,62200.0,62490.0,61390.0,61460.44921875,61358.3671875,9749
2020-08-12,61640.0,61899.8515625,61350.0,61634.75,61532.375,11449
2020-08-13,61900.0,64352.25,61400.0,63976.5,63870.23828125,29507
2020-08-14,64000.0,64600.0,61200.0,61433.75,61331.71484375,49738
2020-08-17,62199.0,62282.1484375,59940.3984375,60148.05078125,60048.1484375,32399
2020-08-18,60700.0,60879.94921875,60000.0,60205.5,60105.50390625,21461
2020-08-19,60580.0,60720.0,59604.1015625,59837.80078125,59738.4140625,25319
2020-08-20,59998.3515625,60300.0,59235.6484375,59507.30078125,59408.4609375,27828
2020-08-21,59990.0,60150.0,59325.1015625,59627.1484375,59528.11328125,31493
2020-08-24,60000.0,60537.5,59505.05078125,59598.55078125,59499.55859375,22258
2020-08-25,59947.0,60150.0,59067.25,59286.3984375,59187.92578125,23315
2020-08-26,59250.0,59746.25,59250.0,59336.75,59238.1953125,19075
2020-08-27,59786.0,59799.0,59100.0,59316.55078125,59218.02734375,12994
2020-08-28,59400.0,59999.0,59151.0,59579.8515625,59480.89453125,16940
2020-08-31,59999.0,59999.0,57520.05078125,57987.44921875,57891.13671875,17715
2020-09-01,58500.0,58698.94921875,57600.0,58345.30078125,58248.390625,14263
2020-09-02,58410.0,59099.8515625,58000.0,58586.75,58489.4375,12907
2020-09-03,58741.0,58998.0,58304.44921875,58492.1015625,58394.94921875,8086
2020-09-04,58250.0,58800.0,57565.44921875,58425.3984375,58328.359375,11067
2020-09-07,58425.3984375,58854.94921875,58000.0,58374.19921875,58277.2421875,12599
2020-09-08,58500.0,58500.0,58050.0,58212.6484375,58115.9609375,9805
2020-09-09,58200.0,59054.94921875,57867.0,58763.55078125,58665.94921875,12863
2020-09-10,58865.0,59399.0,58700.0,59134.05078125,59035.83203125,9822
2020-09-11,59100.0,59400.0,58445.8984375,59226.69921875,59128.32421875,14081
2020-09-14,59230.05078125,59800.0,58199.8515625,58519.8515625,58515.5234375,17430
2020-09-15,58600.0,59400.0,58200.0,58408.44921875,58404.12890625,40617
2020-09-16,58600.0,59850.0,58508.44921875,59573.94921875,59569.54296875,23565
2020-09-17,59310.0,59778.0,59154.55078125,59530.8515625,59526.44921875,12214
2020-09-18,59600.8515625,59970.0,58530.75,58950.6015625,58946.23828125,17210
2020-09-21,58950.6015625,59079.8984375,57866.0,58159.25,58154.9453125,23226
2020-09-22,58160.0,58350.25,57400.0,57709.55078125,57705.28125,9817
2020-09-23,58000.0,58320.0,56800.0,57211.5,57207.265625,11256
2020-09-24,56999.55078125,57098.1015625,55300.0,55618.8515625,55614.73828125,10032
2020-09-25,55910.0,58000.0,55701.05078125,57461.44921875,57457.19921875,12635
2020-09-28,57800.0,59449.94921875,57800.0,59306.55078125,59302.1640625,12997
2020-09-29,59778.80078125,59890.0,58175.75,59462.3515625,59457.953125,17381
2020-09-30,59300.0,60001.0,58700.0,59572.19921875,59567.79296875,16827
2020-10-01,59570.0,60695.0,59400.0,60578.30078125,60573.8203125,15857
2020-10-05,60800.0,61233.94921875,60300.0,60525.6015625,60521.125,16527
2020-10-06,60800.0,61100.0,60076.3515625,60269.94921875,60265.4921875,9028
2020-10-07,60490.0,61089.69921875,59956.80078125,60601.55078125,60597.06640625,10706
2020-10-08,60728.94921875,61100.0,59600.0,60175.3515625,60170.90234375,9954
2020-10-09,60677.8984375,60677.8984375,58542.6484375,58784.8984375,58780.55078125,12645
2020-10-12,59298.0,59298.0,58174.05078125,58587.1015625,58582.76953125,9057
2020-10-13,58200.1015625,59439.19921875,58200.1015625,58589.94921875,58585.6171875,15742
2020-10-14,58700.0,59149.0,58000.0,58903.55078125,58899.1953125,16274
2020-10-15,59000.0,59246.3984375,58150.0,58454.6484375,58450.32421875,9112
2020-10-16,58350.0,58880.1484375,57860.05078125,58013.1015625,58008.8125,7262
2020-10-19,58300.94921875,60100.0,58100.0,60009.8515625,60005.41015625,21961
2020-10-20,59251.0,60347.30078125,59251.0,59927.3515625,59922.91796875,14375
2020-10-21,60000.0,61599.0,60000.0,61042.44921875,61037.9375,32354
2020-10-22,61042.44921875,62442.6015625,60834.6484375,62250.3515625,62245.74609375,24154
2020-10-23,62250.0,63985.0,62130.69921875,63619.1015625,63614.39453125,31802
2020-10-26,63800.0,64319.8984375,62863.94921875,63280.44921875,63275.765625,30884
2020-10-27,64546.0,69608.453125,63502.1015625,68202.6015625,68197.5625,88721
2020-10-28,68202.6015625,68202.6015625,65360.05078125,66844.546875,66839.6015625,46839
2020-10-29,66000.0,68917.453125,65160.8984375,67298.3515625,67293.3671875,50267
2020-10-30,67748.0,68450.0,64600.05078125,65303.25,65298.41796875,51521
2020-11-02,65500.0,66637.203125,64760.05078125,66226.046875,66221.1484375,32674
2020-11-03,66645.0,67999.0,66567.6484375,67676.25,67671.2421875,29445
2020-11-04,67320.25,69250.0,67223.5,68449.8515625,68444.7890625,33722
2020-11-05,69000.0,69890.1015625,68208.046875,68568.5,68563.4296875,32905
2020-11-06,69250.0,69900.0,68139.8515625,68516.8515625,68511.78125,47996
2020-11-09,69100.0,70325.703125,68665.6015625,69841.046875,69835.8828125,36658
2020-11-10,70444.0,70736.296875,68973.953125,69367.0,69361.875,36190
2020-11-11,69480.0,70490.0,67919.1484375,68589.1484375,68584.078125,43328
2020-11-12,68999.0,69579.75,68650.0,69386.8984375,69381.7734375,20708
2020-11-13,69500.0,72499.0,69450.0,71826.203125,71820.890625,48897
2020-11-17,72288.0,74650.0,71926.0,74095.453125,74089.96875,48299
2020-11-18,74095.453125,75400.0,72374.296875,75041.0,75038.484375,62263
2020-11-19,74500.0,77399.0,74106.953125,76831.3515625,76828.78125,64112
2020-11-20,76959.0,79500.0,76800.0,79069.3984375,79066.75,80370
2020-11-23,81160.0,81249.3984375,79200.046875,80114.5,80111.8125,60161
2020-11-24,80300.0,80950.0,79100.546875,79840.1484375,79837.4765625,56578
2020-11-25,80800.0,80800.0,75653.0,76311.75,76309.1953125,52953
2020-11-26,77000.0,77543.953125,74305.25,75820.046875,75817.5078125,77903
2020-11-27,76500.0,79228.953125,75300.0,77738.6484375,77736.046875,281075
2020-12-01,79400.0,80102.3515625,77777.5,79564.296875,79561.6328125,57627
2020-12-02,79800.0,80000.0,78631.953125,79781.25,79778.578125,38286
2020-12-03,79773.296875,79800.0,78500.0,78894.6484375,78892.0078125,28657
2020-12-04,79399.953125,79600.0,78200.0,78698.1484375,78695.515625,35870
2020-12-07,77887.296875,79995.0,77887.296875,79527.6484375,79524.984375,25469
2020-12-08,79600.0,79984.296875,78862.796875,79161.796875,79159.1484375,23532
2020-12-09,79495.0,79600.796875,78000.046875,78371.296875,78368.671875,18683
2020-12-10,78499.0,78745.3515625,77350.1015625,77615.203125,77612.6015625,22452
2020-12-11,77990.0,78396.703125,77300.0,77878.3515625,77875.7421875,20832
2020-12-14,78400.0,78400.0,77300.0,77547.6484375,77545.046875,15865
2020-12-15,77547.6484375,77800.0,76800.0,77286.3515625,77283.765625,14509
2020-12-16,77383.0,79180.3984375,77380.0,78618.8515625,78616.21875,29876
2020-12-17,78625.0,79166.296875,77000.0,77291.1484375,77288.5625,19833
2020-12-18,77900.0,78190.0,76850.0,77571.546875,77568.9453125,34069
2020-12-21,77638.0,77793.1484375,74545.453125,75277.703125,75275.1796875,24201
2020-12-22,75477.0,76709.8515625,73777.75,76096.3515625,76093.8046875,27697
2020-12-23,76000.0,76850.0,75406.3984375,75854.8515625,75852.3125,15368
2020-12-24,76400.0,76549.953125,75550.0,75892.3515625,75889.8125,14445
2020-12-28,76100.0,76840.203125,75008.8515625,75366.703125,75364.1796875,18088
2020-12-29,75899.0,76000.0,74860.0,75677.546875,75675.015625,14694
2020-12-30,75561.046875,77672.75,75300.0,76925.1015625,76922.5234375,16171
2020-12-31,76600.0,77339.953125,75310.1484375,75750.453125,75747.9140625,28028
2021-01-01,76000.0,76334.3515625,75550.0,76021.6484375,76019.1015625,13254
2021-01-04,76200.6484375,78900.0,75900.0,78402.203125,78399.578125,28145
2021-01-05,77800.0,79373.0,77700.0,79053.0,79050.3515625,25539
2021-01-06,79053.0,79800.0,77619.203125,78752.25,78749.609375,30427
2021-01-07,79500.0,79500.0,77000.0,77332.6015625,77330.0078125,21765
2021-01-08,77780.0,81399.0,77600.0,80602.1015625,80599.3984375,31729
2021-01-11,80700.0,83000.0,80500.0,82507.8984375,82505.1328125,48475
2021-01-12,82400.0,87000.0,81712.3984375,85746.8984375,85744.0234375,87936
2021-01-13,86200.0,87399.953125,85300.0,85642.296875,85639.4296875,57619
2021-01-14,86300.0,89938.1015625,85785.0,88749.6484375,88746.671875,55671
2021-01-15,89150.0,89823.8984375,86401.296875,87551.75,87548.8203125,57495
2021-01-18,87800.0,88165.6015625,85111.25,85661.8515625,85658.984375,30785
2021-01-19,86150.0,88005.703125,86150.0,87197.546875,87194.625,21305
2021-01-20,87800.0,94120.1484375,87600.6015625,93081.5,93078.3828125,80494
2021-01-21,93600.0,96479.703125,90602.0,91712.8984375,91709.828125,111415
2021-01-22,92444.0,94345.953125,91420.0,92305.953125,92302.859375,90867
2021-01-25,93879.953125,93879.953125,89205.1015625,89638.3515625,89635.3515625,60275
2021-01-27,90100.0,90177.25,87510.0,88577.75,88574.78125,58528
2021-01-28,88100.0,89411.6015625,87122.75,87487.703125,87484.7734375,51944
2021-01-29,88499.1015625,89388.0,83455.703125,84069.1484375,84066.3359375,56240
2021-02-01,84888.0,88798.6015625,83900.046875,88133.6484375,88130.6953125,46017
2021-02-02,89450.0,91949.8984375,88926.8515625,90745.953125,90742.9140625,51519
2021-02-03,91583.203125,93278.3515625,89500.046875,89963.5,89960.484375,44550
2021-02-04,90999.8984375,93780.0,89964.0,92181.953125,92178.8671875,63583
2021-02-05,93318.296875,93566.953125,90272.1484375,90693.046875,90690.0078125,49120
2021-02-08,92249.8984375,92551.25,90000.0,90870.75,90867.703125,36568
2021-02-09,91495.0,94699.0,90400.0,93597.8984375,93594.765625,69603
2021-02-10,93852.0,97880.796875,92750.0,96973.8515625,96970.6015625,72305
2021-02-11,96770.0,98599.953125,89120.0,90084.703125,90081.6875,182954
2021-02-12,92000.0,93480.0,90085.0,91278.046875,91274.9921875,138059
2021-02-15,92373.3984375,92450.0,90000.0,90643.8984375,90640.859375,54272
2021-02-16,91499.0,91550.0,89003.796875,89575.3515625,89572.3515625,58998
2021-02-17,90999.8984375,90999.8984375,88811.0,89184.5,89184.5,39383
2021-02-18,89500.0,90000.0,88350.0,88881.3515625,88881.3515625,36384
