Datetime,Open,High,Low,Close,Adj Close,Volume
2021-02-04 09:15:00+05:30,5212.0498046875,5261.7998046875,5206.0498046875,5251.25,5251.25,0
2021-02-04 09:20:00+05:30,5253.5498046875,5275.10009765625,5247.0,5273.0,5273.0,129565
2021-02-04 09:25:00+05:30,5275.0,5306.5498046875,5273.25,5299.7998046875,5299.7998046875,156939
2021-02-04 09:30:00+05:30,5299.7998046875,5299.7998046875,5266.0,5267.0,5267.0,95940
2021-02-04 09:35:00+05:30,5267.25,5290.0,5266.0,5285.2998046875,5285.2998046875,35128
2021-02-04 09:40:00+05:30,5285.60009765625,5305.0,5285.60009765625,5304.2998046875,5304.2998046875,71287
2021-02-04 09:45:00+05:30,5304.2998046875,5312.4501953125,5280.9501953125,5289.2001953125,5289.2001953125,76517
2021-02-04 09:50:00+05:30,5289.25,5294.39990234375,5277.2001953125,5288.5,5288.5,31088
2021-02-04 09:55:00+05:30,5287.9501953125,5295.0,5284.10009765625,5289.2998046875,5289.2998046875,23225
2021-02-04 10:00:00+05:30,5291.0,5293.0,5267.0,5268.7001953125,5268.7001953125,41222
2021-02-04 10:05:00+05:30,5269.4501953125,5280.0,5267.0,5277.0,5277.0,24275
2021-02-04 10:10:00+05:30,5279.89990234375,5297.60009765625,5279.89990234375,5292.0,5292.0,51480
2021-02-04 10:15:00+05:30,5292.0,5299.39990234375,5290.5498046875,5297.7998046875,5297.7998046875,25200
2021-02-04 10:20:00+05:30,5298.0,5325.0,5295.14990234375,5322.0,5322.0,124387
2021-02-04 10:25:00+05:30,5320.85009765625,5339.75,5315.10009765625,5339.2001953125,5339.2001953125,145337
2021-02-04 10:30:00+05:30,5342.75,5353.5498046875,5328.0,5352.0,5352.0,185749
2021-02-04 10:35:00+05:30,5352.25,5354.7998046875,5335.0,5337.2998046875,5337.2998046875,96688
2021-02-04 10:40:00+05:30,5335.5498046875,5342.7001953125,5330.10009765625,5335.0,5335.0,38891
2021-02-04 10:45:00+05:30,5334.60009765625,5340.0,5316.60009765625,5330.5,5330.5,68435
2021-02-04 10:50:00+05:30,5331.2001953125,5333.35009765625,5324.0,5327.39990234375,5327.39990234375,43043
2021-02-04 10:55:00+05:30,5329.60009765625,5333.0,5325.0,5327.0498046875,5327.0498046875,24090
2021-02-04 11:00:00+05:30,5327.5498046875,5339.89990234375,5321.0,5337.7001953125,5337.7001953125,38065
2021-02-04 11:05:00+05:30,5337.7001953125,5346.64990234375,5335.0,5344.0,5344.0,51176
2021-02-04 11:10:00+05:30,5344.0,5372.35009765625,5343.2001953125,5367.7998046875,5367.7998046875,143745
2021-02-04 11:15:00+05:30,5365.35009765625,5395.0,5365.0498046875,5385.0,5385.0,195206
2021-02-04 11:20:00+05:30,5387.7001953125,5389.14990234375,5371.4501953125,5381.7998046875,5381.7998046875,75270
2021-02-04 11:25:00+05:30,5383.85009765625,5388.7998046875,5372.0,5374.75,5374.75,52445
2021-02-04 11:30:00+05:30,5373.0,5379.35009765625,5365.60009765625,5371.5,5371.5,39727
2021-02-04 11:35:00+05:30,5371.5,5398.0,5371.4501953125,5388.0,5388.0,85990
2021-02-04 11:40:00+05:30,5389.4501953125,5400.0,5386.85009765625,5398.7998046875,5398.7998046875,61289
2021-02-04 11:45:00+05:30,5398.7001953125,5399.85009765625,5390.0,5396.64990234375,5396.64990234375,38780
2021-02-04 11:50:00+05:30,5396.89990234375,5396.9501953125,5384.85009765625,5390.9501953125,5390.9501953125,41473
2021-02-04 11:55:00+05:30,5390.10009765625,5393.0498046875,5385.0,5391.2998046875,5391.2998046875,21548
2021-02-04 12:00:00+05:30,5391.9501953125,5393.2001953125,5376.0,5380.0498046875,5380.0498046875,36145
2021-02-04 12:05:00+05:30,5380.0498046875,5382.9501953125,5370.0,5378.0,5378.0,33334
2021-02-04 12:10:00+05:30,5378.0,5378.0,5367.0,5372.25,5372.25,35923
2021-02-04 12:15:00+05:30,5372.2001953125,5390.0,5371.25,5387.39990234375,5387.39990234375,31728
2021-02-04 12:20:00+05:30,5386.0,5389.9501953125,5382.0,5386.0,5386.0,15219
2021-02-04 12:25:00+05:30,5386.0,5399.0,5383.9501953125,5398.89990234375,5398.89990234375,57852
2021-02-04 12:30:00+05:30,5398.75,5410.0,5397.5,5397.85009765625,5397.85009765625,108336
2021-02-04 12:35:00+05:30,5397.9501953125,5399.4501953125,5391.5,5395.5498046875,5395.5498046875,30868
2021-02-04 12:40:00+05:30,5394.5498046875,5396.0,5385.5,5395.0498046875,5395.0498046875,32985
2021-02-04 12:45:00+05:30,5395.0,5396.0,5385.0,5389.85009765625,5389.85009765625,20394
2021-02-04 12:50:00+05:30,5389.89990234375,5390.9501953125,5380.2998046875,5385.0,5385.0,26856
2021-02-04 12:55:00+05:30,5385.9501953125,5385.9501953125,5366.0,5376.25,5376.25,69865
2021-02-04 13:00:00+05:30,5376.25,5384.39990234375,5370.0,5380.0,5380.0,29173
2021-02-04 13:05:00+05:30,5379.4501953125,5383.89990234375,5375.0,5380.0498046875,5380.0498046875,18860
2021-02-04 13:10:00+05:30,5380.4501953125,5382.0,5375.0,5377.0,5377.0,11121
2021-02-04 13:15:00+05:30,5376.5,5387.5498046875,5375.0498046875,5386.35009765625,5386.35009765625,20795
2021-02-04 13:20:00+05:30,5386.35009765625,5398.9501953125,5381.60009765625,5385.0498046875,5385.0498046875,42281
2021-02-04 13:25:00+05:30,5385.0498046875,5396.0,5381.0,5392.0,5392.0,24878
2021-02-04 13:30:00+05:30,5393.89990234375,5404.0,5391.0498046875,5394.64990234375,5394.64990234375,46587
2021-02-04 13:35:00+05:30,5392.0,5400.0,5390.0,5390.2001953125,5390.2001953125,30269
2021-02-04 13:40:00+05:30,5392.2998046875,5396.0,5387.0,5392.9501953125,5392.9501953125,27436
2021-02-04 13:45:00+05:30,5391.0,5399.0,5391.0,5397.39990234375,5397.39990234375,20357
2021-02-04 13:50:00+05:30,5397.39990234375,5415.0,5394.4501953125,5414.0,5414.0,86482
2021-02-04 13:55:00+05:30,5413.9501953125,5430.0,5413.89990234375,5429.0,5429.0,117268
2021-02-04 14:00:00+05:30,5429.0,5445.0,5425.2001953125,5440.89990234375,5440.89990234375,140818
2021-02-04 14:05:00+05:30,5437.85009765625,5444.0,5432.7998046875,5441.75,5441.75,61258
2021-02-04 14:10:00+05:30,5442.0,5469.7001953125,5442.0,5455.7998046875,5455.7998046875,154636
2021-02-04 14:15:00+05:30,5455.60009765625,5464.85009765625,5436.0498046875,5454.60009765625,5454.60009765625,99881
2021-02-04 14:20:00+05:30,5454.89990234375,5464.0,5444.0,5464.0,5464.0,52311
2021-02-04 14:25:00+05:30,5463.0,5464.39990234375,5455.14990234375,5459.10009765625,5459.10009765625,41363
2021-02-04 14:30:00+05:30,5459.10009765625,5459.89990234375,5437.7998046875,5447.64990234375,5447.64990234375,71855
2021-02-04 14:35:00+05:30,5449.14990234375,5463.5,5443.14990234375,5458.0,5458.0,42313
2021-02-04 14:40:00+05:30,5457.9501953125,5459.9501953125,5437.7998046875,5446.89990234375,5446.89990234375,62304
2021-02-04 14:45:00+05:30,5445.2001953125,5455.0,5443.9501953125,5450.0,5450.0,36236
2021-02-04 14:50:00+05:30,5450.0,5452.89990234375,5441.2998046875,5445.0,5445.0,41036
2021-02-04 14:55:00+05:30,5444.2001953125,5458.2998046875,5443.2998046875,5456.64990234375,5456.64990234375,45699
2021-02-04 15:00:00+05:30,5459.0,5488.0,5456.75,5479.0,5479.0,157593
2021-02-04 15:05:00+05:30,5479.0,5489.5498046875,5475.14990234375,5480.9501953125,5480.9501953125,91582
2021-02-04 15:10:00+05:30,5480.0498046875,5504.0,5480.0498046875,5502.0,5502.0,211671
2021-02-04 15:15:00+05:30,5500.10009765625,5529.0,5491.7998046875,5527.5498046875,5527.5498046875,236540
2021-02-04 15:20:00+05:30,5528.35009765625,5539.7001953125,5512.0,5520.7998046875,5520.7998046875,251184
2021-02-04 15:25:00+05:30,5522.89990234375,5528.10009765625,5494.5,5506.85009765625,5506.85009765625,87659
2021-02-05 09:15:00+05:30,5527.75,5559.75,5492.0,5559.0498046875,5559.0498046875,0
2021-02-05 09:20:00+05:30,5557.35009765625,5566.60009765625,5538.39990234375,5541.60009765625,5541.60009765625,170042
2021-02-05 09:25:00+05:30,5540.0,5540.0,5475.5498046875,5484.7998046875,5484.7998046875,149703
2021-02-05 09:30:00+05:30,5484.4501953125,5522.7998046875,5472.89990234375,5490.0,5490.0,110075
2021-02-05 09:35:00+05:30,5489.89990234375,5522.14990234375,5477.14990234375,5522.14990234375,5522.14990234375,85676
2021-02-05 09:40:00+05:30,5520.10009765625,5540.0,5520.10009765625,5537.0,5537.0,89639
2021-02-05 09:45:00+05:30,5536.0,5547.0,5491.0,5501.5,5501.5,119417
2021-02-05 09:50:00+05:30,5501.64990234375,5519.4501953125,5485.0,5515.85009765625,5515.85009765625,104045
2021-02-05 09:55:00+05:30,5515.10009765625,5529.14990234375,5500.0,5521.7998046875,5521.7998046875,71193
2021-02-05 10:00:00+05:30,5518.39990234375,5528.7998046875,5511.75,5524.60009765625,5524.60009765625,39164
2021-02-05 10:05:00+05:30,5522.60009765625,5530.0,5508.5,5511.89990234375,5511.89990234375,38540
2021-02-05 10:10:00+05:30,5511.89990234375,5517.5,5493.0,5503.0,5503.0,59334
2021-02-05 10:15:00+05:30,5503.0,5530.0,5490.0,5528.0,5528.0,81550
2021-02-05 10:20:00+05:30,5528.35009765625,5528.35009765625,5500.0,5521.10009765625,5521.10009765625,51326
2021-02-05 10:25:00+05:30,5524.0,5524.0,5506.2001953125,5515.9501953125,5515.9501953125,23489
2021-02-05 10:30:00+05:30,5518.2001953125,5535.0,5507.0,5530.5,5530.5,52863
2021-02-05 10:35:00+05:30,5532.0,5535.0,5518.0,5521.0,5521.0,33539
2021-02-05 10:40:00+05:30,5522.0,5524.75,5513.2001953125,5519.35009765625,5519.35009765625,21705
2021-02-05 10:45:00+05:30,5520.0498046875,5522.0,5500.89990234375,5500.89990234375,5500.89990234375,37311
2021-02-05 10:50:00+05:30,5501.2001953125,5510.39990234375,5491.39990234375,5508.5,5508.5,77379
2021-02-05 10:55:00+05:30,5508.7998046875,5513.2001953125,5491.14990234375,5504.75,5504.75,61443
2021-02-05 11:00:00+05:30,5506.2998046875,5523.7001953125,5503.0498046875,5510.0498046875,5510.0498046875,46696
2021-02-05 11:05:00+05:30,5510.0498046875,5522.0,5510.0498046875,5518.5,5518.5,17785
2021-02-05 11:10:00+05:30,5519.0498046875,5522.0,5505.10009765625,5511.5,5511.5,17987
2021-02-05 11:15:00+05:30,5512.9501953125,5522.10009765625,5511.0,5517.39990234375,5517.39990234375,21571
2021-02-05 11:20:00+05:30,5517.39990234375,5519.9501953125,5510.0,5512.35009765625,5512.35009765625,16271
2021-02-05 11:25:00+05:30,5512.0,5522.0,5512.0,5522.0,5522.0,16078
2021-02-05 11:30:00+05:30,5522.0,5530.0,5520.10009765625,5525.0,5525.0,28566
2021-02-05 11:35:00+05:30,5527.0,5545.0,5525.0498046875,5542.0,5542.0,59855
2021-02-05 11:40:00+05:30,5543.0,5553.0,5534.4501953125,5553.0,5553.0,54576
2021-02-05 11:45:00+05:30,5553.60009765625,5615.75,5550.10009765625,5606.0,5606.0,238450
2021-02-05 11:50:00+05:30,5606.75,5627.0,5600.0,5612.4501953125,5612.4501953125,153872
2021-02-05 11:55:00+05:30,5615.0,5620.0,5587.39990234375,5602.0,5602.0,82109
2021-02-05 12:00:00+05:30,5603.0,5605.0,5580.0,5580.35009765625,5580.35009765625,64045
2021-02-05 12:05:00+05:30,5583.0,5599.0,5580.0,5596.9501953125,5596.9501953125,34034
2021-02-05 12:10:00+05:30,5597.0,5597.9501953125,5585.64990234375,5594.5,5594.5,27873
2021-02-05 12:15:00+05:30,5595.0,5596.0,5562.10009765625,5566.0,5566.0,63498
2021-02-05 12:20:00+05:30,5566.0,5589.0,5563.0,5568.89990234375,5568.89990234375,49951
2021-02-05 12:25:00+05:30,5566.0,5572.89990234375,5550.0,5561.85009765625,5561.85009765625,62358
2021-02-05 12:30:00+05:30,5561.85009765625,5561.85009765625,5531.0498046875,5538.0,5538.0,71285
2021-02-05 12:35:00+05:30,5538.0,5543.60009765625,5525.0,5534.0,5534.0,44394
2021-02-05 12:40:00+05:30,5534.0498046875,5535.0,5525.0,5534.0,5534.0,27924
2021-02-05 12:45:00+05:30,5535.0,5558.64990234375,5531.9501953125,5545.0,5545.0,62017
2021-02-05 12:50:00+05:30,5545.0,5556.89990234375,5545.0,5549.10009765625,5549.10009765625,25004
2021-02-05 12:55:00+05:30,5550.0,5550.0,5538.35009765625,5548.0,5548.0,20501
2021-02-05 13:00:00+05:30,5548.5,5557.0,5542.2001953125,5557.0,5557.0,16184
2021-02-05 13:05:00+05:30,5556.89990234375,5570.0,5551.7998046875,5567.89990234375,5567.89990234375,39398
2021-02-05 13:10:00+05:30,5568.60009765625,5568.75,5531.25,5532.25,5532.25,58750
2021-02-05 13:15:00+05:30,5532.25,5550.0,5531.10009765625,5546.4501953125,5546.4501953125,32400
2021-02-05 13:20:00+05:30,5548.75,5557.89990234375,5545.0,5545.14990234375,5545.14990234375,24863
2021-02-05 13:25:00+05:30,5545.35009765625,5557.0,5545.35009765625,5553.75,5553.75,12902
2021-02-05 13:30:00+05:30,5550.85009765625,5557.0,5528.7998046875,5532.0,5532.0,49281
2021-02-05 13:35:00+05:30,5531.0498046875,5544.0,5513.9501953125,5530.0,5530.0,74499
2021-02-05 13:40:00+05:30,5531.5498046875,5545.0,5530.0,5540.14990234375,5540.14990234375,21460
2021-02-05 13:45:00+05:30,5540.14990234375,5566.2001953125,5530.0,5566.2001953125,5566.2001953125,45968
2021-02-05 13:50:00+05:30,5566.9501953125,5571.64990234375,5555.0,5556.0,5556.0,52643
2021-02-05 13:55:00+05:30,5556.39990234375,5568.0,5556.39990234375,5566.9501953125,5566.9501953125,40153
2021-02-05 14:00:00+05:30,5565.2001953125,5566.9501953125,5545.10009765625,5546.5498046875,5546.5498046875,33627
2021-02-05 14:05:00+05:30,5549.5,5564.9501953125,5545.0498046875,5559.2998046875,5559.2998046875,33138
2021-02-05 14:10:00+05:30,5560.0,5568.2001953125,5556.60009765625,5568.0,5568.0,20831
2021-02-05 14:15:00+05:30,5567.0498046875,5580.0,5567.0498046875,5579.7001953125,5579.7001953125,54710
2021-02-05 14:20:00+05:30,5580.0,5585.0,5567.0,5572.0,5572.0,44424
2021-02-05 14:25:00+05:30,5570.14990234375,5571.9501953125,5545.10009765625,5551.0498046875,5551.0498046875,55070
2021-02-05 14:30:00+05:30,5551.0498046875,5560.0,5541.60009765625,5552.0,5552.0,41051
2021-02-05 14:35:00+05:30,5548.39990234375,5554.9501953125,5532.0,5532.89990234375,5532.89990234375,52846
2021-02-05 14:40:00+05:30,5532.89990234375,5544.9501953125,5526.0,5536.9501953125,5536.9501953125,60689
2021-02-05 14:45:00+05:30,5537.0,5541.0,5530.0,5535.0498046875,5535.0498046875,26760
2021-02-05 14:50:00+05:30,5535.0498046875,5555.0,5535.0,5555.0,5555.0,33397
2021-02-05 14:55:00+05:30,5552.2001953125,5558.0,5548.10009765625,5552.9501953125,5552.9501953125,34082
2021-02-05 15:00:00+05:30,5554.0,5557.0,5545.0,5553.5,5553.5,36563
2021-02-05 15:05:00+05:30,5554.0,5554.2998046875,5536.2998046875,5538.0,5538.0,42651
2021-02-05 15:10:00+05:30,5538.0,5555.0,5530.0,5554.85009765625,5554.85009765625,79870
2021-02-05 15:15:00+05:30,5554.85009765625,5556.85009765625,5539.7998046875,5549.0,5549.0,87296
2021-02-05 15:20:00+05:30,5545.14990234375,5548.10009765625,5510.10009765625,5522.0,5522.0,88732
2021-02-05 15:25:00+05:30,5521.9501953125,5540.0,5520.0,5538.5498046875,5538.5498046875,33947
2021-02-08 09:15:00+05:30,5545.4501953125,5608.14990234375,5545.0,5596.5498046875,5596.5498046875,0
2021-02-08 09:20:00+05:30,5596.7998046875,5665.0,5595.5498046875,5659.2998046875,5659.2998046875,138245
2021-02-08 09:25:00+05:30,5661.5,5664.25,5629.10009765625,5633.0498046875,5633.0498046875,99200
2021-02-08 09:30:00+05:30,5640.0,5662.0,5636.64990234375,5662.0,5662.0,69727
2021-02-08 09:35:00+05:30,5661.0,5662.9501953125,5643.60009765625,5646.7998046875,5646.7998046875,38046
2021-02-08 09:40:00+05:30,5645.10009765625,5662.9501953125,5634.4501953125,5658.0498046875,5658.0498046875,58838
2021-02-08 09:45:00+05:30,5657.5498046875,5660.0,5645.0,5653.5498046875,5653.5498046875,35889
2021-02-08 09:50:00+05:30,5654.89990234375,5657.5498046875,5630.0,5630.0,5630.0,62134
2021-02-08 09:55:00+05:30,5629.2001953125,5638.0,5620.10009765625,5623.60009765625,5623.60009765625,52099
2021-02-08 10:00:00+05:30,5623.0,5640.0,5610.0,5630.9501953125,5630.9501953125,58689
2021-02-08 10:05:00+05:30,5630.9501953125,5654.5498046875,5622.0,5649.75,5649.75,53618
2021-02-08 10:10:00+05:30,5650.10009765625,5652.7001953125,5613.0,5621.7998046875,5621.7998046875,53880
2021-02-08 10:15:00+05:30,5621.10009765625,5623.0,5603.4501953125,5605.0,5605.0,50806
2021-02-08 10:20:00+05:30,5606.89990234375,5623.0,5600.5498046875,5602.89990234375,5602.89990234375,30265
2021-02-08 10:25:00+05:30,5602.5,5612.25,5588.89990234375,5610.25,5610.25,64447
2021-02-08 10:30:00+05:30,5610.2001953125,5616.0,5600.0,5609.9501953125,5609.9501953125,29901
2021-02-08 10:35:00+05:30,5607.2998046875,5617.9501953125,5605.4501953125,5617.0,5617.0,16263
2021-02-08 10:40:00+05:30,5616.5498046875,5616.85009765625,5600.0,5611.35009765625,5611.35009765625,26879
2021-02-08 10:45:00+05:30,5610.5498046875,5616.0,5605.0,5612.2001953125,5612.2001953125,15097
2021-02-08 10:50:00+05:30,5614.25,5619.10009765625,5608.10009765625,5616.10009765625,5616.10009765625,13439
2021-02-08 10:55:00+05:30,5616.10009765625,5625.0,5615.5498046875,5621.39990234375,5621.39990234375,27076
2021-02-08 11:00:00+05:30,5622.5,5625.0,5605.0,5617.0,5617.0,22536
2021-02-08 11:05:00+05:30,5617.0,5622.7998046875,5611.0498046875,5620.0,5620.0,13136
2021-02-08 11:10:00+05:30,5618.89990234375,5620.0,5610.0,5617.9501953125,5617.9501953125,19593
2021-02-08 11:15:00+05:30,5617.5498046875,5618.0,5611.5,5618.0,5618.0,6351
2021-02-08 11:20:00+05:30,5618.0,5619.89990234375,5612.64990234375,5614.35009765625,5614.35009765625,10453
2021-02-08 11:25:00+05:30,5614.9501953125,5617.0,5611.10009765625,5612.7001953125,5612.7001953125,8290
2021-02-08 11:30:00+05:30,5612.4501953125,5618.5,5606.85009765625,5618.2998046875,5618.2998046875,19172
2021-02-08 11:35:00+05:30,5618.2998046875,5643.0,5617.35009765625,5643.0,5643.0,48106
2021-02-08 11:40:00+05:30,5641.89990234375,5644.0,5631.5,5642.0,5642.0,39608
2021-02-08 11:45:00+05:30,5643.9501953125,5643.9501953125,5631.5498046875,5636.0,5636.0,17400
2021-02-08 11:50:00+05:30,5636.0,5640.0,5630.0,5639.0,5639.0,17371
2021-02-08 11:55:00+05:30,5640.0,5645.0,5625.0,5629.10009765625,5629.10009765625,46000
2021-02-08 12:00:00+05:30,5628.0,5628.0,5618.0,5624.0,5624.0,15232
2021-02-08 12:05:00+05:30,5633.0,5639.7001953125,5626.89990234375,5629.89990234375,5629.89990234375,17907
2021-02-08 12:10:00+05:30,5630.0,5630.2998046875,5619.75,5630.2998046875,5630.2998046875,22373
2021-02-08 12:15:00+05:30,5630.2998046875,5630.2998046875,5601.0,5609.2001953125,5609.2001953125,36317
2021-02-08 12:20:00+05:30,5611.25,5615.0,5602.0,5607.7998046875,5607.7998046875,18319
2021-02-08 12:25:00+05:30,5607.35009765625,5614.9501953125,5597.89990234375,5604.0,5604.0,43567
2021-02-08 12:30:00+05:30,5604.0,5612.0,5597.2001953125,5607.39990234375,5607.39990234375,26927
2021-02-08 12:35:00+05:30,5605.10009765625,5614.7001953125,5600.0,5606.4501953125,5606.4501953125,25304
2021-02-08 12:40:00+05:30,5605.25,5612.0,5605.0,5611.0,5611.0,10971
2021-02-08 12:45:00+05:30,5612.0,5613.9501953125,5602.7998046875,5607.9501953125,5607.9501953125,17134
2021-02-08 12:50:00+05:30,5609.5498046875,5610.0,5602.2998046875,5605.89990234375,5605.89990234375,20477
2021-02-08 12:55:00+05:30,5603.14990234375,5609.0,5599.2001953125,5607.85009765625,5607.85009765625,23759
2021-02-08 13:00:00+05:30,5608.9501953125,5618.7998046875,5605.0,5613.75,5613.75,29747
2021-02-08 13:05:00+05:30,5612.0,5618.0,5608.0,5612.7001953125,5612.7001953125,19354
2021-02-08 13:10:00+05:30,5612.60009765625,5614.0,5603.0,5607.4501953125,5607.4501953125,20022
2021-02-08 13:15:00+05:30,5607.39990234375,5607.9501953125,5592.39990234375,5598.0,5598.0,39877
2021-02-08 13:20:00+05:30,5599.9501953125,5608.0,5590.25,5608.0,5608.0,23289
2021-02-08 13:25:00+05:30,5609.0,5609.0498046875,5600.0,5605.60009765625,5605.60009765625,10279
2021-02-08 13:30:00+05:30,5605.4501953125,5606.0,5597.64990234375,5602.9501953125,5602.9501953125,13338
2021-02-08 13:35:00+05:30,5603.0,5610.0,5600.0,5604.0,5604.0,18582
2021-02-08 13:40:00+05:30,5604.0,5609.0,5590.0,5595.0,5595.0,31108
2021-02-08 13:45:00+05:30,5593.35009765625,5603.0,5592.5498046875,5602.64990234375,5602.64990234375,18316
2021-02-08 13:50:00+05:30,5602.64990234375,5608.60009765625,5600.0,5607.0,5607.0,16101
2021-02-08 13:55:00+05:30,5607.0,5610.0,5602.0498046875,5608.89990234375,5608.89990234375,17284
2021-02-08 14:00:00+05:30,5608.9501953125,5610.0,5596.0,5596.2998046875,5596.2998046875,17734
2021-02-08 14:05:00+05:30,5598.9501953125,5604.64990234375,5595.39990234375,5598.0498046875,5598.0498046875,24001
2021-02-08 14:10:00+05:30,5599.25,5603.75,5597.0,5600.2001953125,5600.2001953125,14808
2021-02-08 14:15:00+05:30,5600.2001953125,5603.0,5596.2001953125,5599.39990234375,5599.39990234375,9855
2021-02-08 14:20:00+05:30,5599.35009765625,5599.60009765625,5594.2998046875,5597.0,5597.0,11750
2021-02-08 14:25:00+05:30,5595.5,5597.89990234375,5581.7001953125,5594.0498046875,5594.0498046875,49971
2021-02-08 14:30:00+05:30,5594.0498046875,5595.0,5582.85009765625,5594.0,5594.0,18566
2021-02-08 14:35:00+05:30,5594.0,5602.0,5592.89990234375,5598.10009765625,5598.10009765625,27866
2021-02-08 14:40:00+05:30,5598.10009765625,5598.10009765625,5584.0,5585.0498046875,5585.0498046875,15735
2021-02-08 14:45:00+05:30,5587.0498046875,5598.0,5585.9501953125,5589.0,5589.0,24796
2021-02-08 14:50:00+05:30,5589.0,5589.0,5566.0,5566.2998046875,5566.2998046875,59218
2021-02-08 14:55:00+05:30,5567.39990234375,5567.39990234375,5535.14990234375,5548.9501953125,5548.9501953125,100671
2021-02-08 15:00:00+05:30,5546.4501953125,5546.85009765625,5487.0,5489.4501953125,5489.4501953125,152115
2021-02-08 15:05:00+05:30,5490.2001953125,5497.89990234375,5479.2001953125,5497.0,5497.0,59701
2021-02-08 15:10:00+05:30,5495.2001953125,5509.39990234375,5485.9501953125,5489.25,5489.25,59709
2021-02-08 15:15:00+05:30,5486.0,5500.0,5486.0,5494.75,5494.75,73746
2021-02-08 15:20:00+05:30,5492.10009765625,5498.35009765625,5480.2998046875,5495.0,5495.0,90289
2021-02-08 15:25:00+05:30,5495.0498046875,5500.0498046875,5491.14990234375,5495.0,5495.0,37331
2021-02-09 09:15:00+05:30,5525.0,5539.0,5460.35009765625,5465.0498046875,5465.0498046875,0
2021-02-09 09:20:00+05:30,5467.60009765625,5468.14990234375,5438.35009765625,5446.75,5446.75,75876
2021-02-09 09:25:00+05:30,5444.9501953125,5458.0,5442.0,5449.39990234375,5449.39990234375,48920
2021-02-09 09:30:00+05:30,5449.7001953125,5458.0,5441.14990234375,5451.7998046875,5451.7998046875,41535
2021-02-09 09:35:00+05:30,5450.5498046875,5453.0,5430.0,5441.0,5441.0,55507
2021-02-09 09:40:00+05:30,5441.4501953125,5456.0,5441.0,5449.64990234375,5449.64990234375,29367
2021-02-09 09:45:00+05:30,5450.0,5452.0,5438.0,5438.25,5438.25,28602
2021-02-09 09:50:00+05:30,5438.2998046875,5449.9501953125,5434.9501953125,5434.9501953125,5434.9501953125,39888
2021-02-09 09:55:00+05:30,5435.0,5439.9501953125,5423.25,5439.0,5439.0,40534
2021-02-09 10:00:00+05:30,5439.0,5452.5498046875,5434.35009765625,5446.0,5446.0,30813
2021-02-09 10:05:00+05:30,5445.0,5452.89990234375,5440.0,5452.64990234375,5452.64990234375,24357
2021-02-09 10:10:00+05:30,5452.64990234375,5454.0,5446.0,5451.85009765625,5451.85009765625,15847
2021-02-09 10:15:00+05:30,5452.0,5465.0,5446.0,5459.39990234375,5459.39990234375,46338
2021-02-09 10:20:00+05:30,5459.2001953125,5460.0,5447.0,5448.25,5448.25,26833
2021-02-09 10:25:00+05:30,5449.9501953125,5460.0,5447.0,5458.2998046875,5458.2998046875,14689
2021-02-09 10:30:00+05:30,5459.2001953125,5466.0,5455.0,5464.60009765625,5464.60009765625,43112
2021-02-09 10:35:00+05:30,5465.0,5480.0,5460.35009765625,5478.10009765625,5478.10009765625,59123
2021-02-09 10:40:00+05:30,5479.9501953125,5485.0,5450.5,5450.64990234375,5450.64990234375,60745
2021-02-09 10:45:00+05:30,5451.25,5461.64990234375,5450.5,5457.0,5457.0,22617
2021-02-09 10:50:00+05:30,5457.0,5458.64990234375,5445.2001953125,5447.10009765625,5447.10009765625,32453
2021-02-09 10:55:00+05:30,5447.2998046875,5454.0,5447.2998046875,5450.0,5450.0,12165
2021-02-09 11:00:00+05:30,5451.14990234375,5460.0,5451.14990234375,5457.0,5457.0,10990
2021-02-09 11:05:00+05:30,5457.25,5460.0,5453.0,5454.85009765625,5454.85009765625,10323
2021-02-09 11:10:00+05:30,5454.89990234375,5458.0,5451.5498046875,5452.25,5452.25,7591
2021-02-09 11:15:00+05:30,5452.25,5467.7998046875,5452.0,5466.0498046875,5466.0498046875,17780
2021-02-09 11:20:00+05:30,5465.0,5470.89990234375,5453.10009765625,5453.25,5453.25,16900
2021-02-09 11:25:00+05:30,5453.2001953125,5453.35009765625,5440.0,5450.5,5450.5,38354
2021-02-09 11:30:00+05:30,5450.89990234375,5453.5498046875,5447.60009765625,5450.0,5450.0,7759
2021-02-09 11:35:00+05:30,5448.85009765625,5453.89990234375,5447.0,5453.89990234375,5453.89990234375,10097
2021-02-09 11:40:00+05:30,5453.89990234375,5453.89990234375,5446.0,5450.14990234375,5450.14990234375,5099
2021-02-09 11:45:00+05:30,5450.0,5458.7998046875,5447.5498046875,5457.85009765625,5457.85009765625,10027
2021-02-09 11:50:00+05:30,5458.5498046875,5460.5498046875,5455.0,5456.0498046875,5456.0498046875,10401
2021-02-09 11:55:00+05:30,5457.0,5457.0,5447.35009765625,5452.2001953125,5452.2001953125,14093
2021-02-09 12:00:00+05:30,5453.2001953125,5454.60009765625,5447.25,5449.2001953125,5449.2001953125,11159
2021-02-09 12:05:00+05:30,5449.2001953125,5451.7998046875,5440.0,5443.25,5443.25,19263
2021-02-09 12:10:00+05:30,5445.0,5449.5,5432.7001953125,5447.0,5447.0,24957
2021-02-09 12:15:00+05:30,5446.0,5450.0,5442.0,5449.39990234375,5449.39990234375,7262
2021-02-09 12:20:00+05:30,5448.2001953125,5455.0,5446.5,5447.89990234375,5447.89990234375,11512
2021-02-09 12:25:00+05:30,5447.9501953125,5454.85009765625,5446.7998046875,5451.64990234375,5451.64990234375,8287
2021-02-09 12:30:00+05:30,5452.0,5455.0,5451.60009765625,5454.0,5454.0,10906
2021-02-09 12:35:00+05:30,5455.0,5469.0,5454.0,5467.0,5467.0,32250
2021-02-09 12:40:00+05:30,5468.14990234375,5468.14990234375,5455.10009765625,5460.14990234375,5460.14990234375,15042
2021-02-09 12:45:00+05:30,5460.10009765625,5460.10009765625,5449.2001953125,5453.5498046875,5453.5498046875,14756
2021-02-09 12:50:00+05:30,5454.2001953125,5455.0,5446.7998046875,5453.14990234375,5453.14990234375,31483
2021-02-09 12:55:00+05:30,5451.2998046875,5451.2998046875,5447.0,5448.2001953125,5448.2001953125,7401
2021-02-09 13:00:00+05:30,5448.25,5454.10009765625,5444.0,5454.10009765625,5454.10009765625,14395
2021-02-09 13:05:00+05:30,5454.89990234375,5455.14990234375,5450.0,5450.7998046875,5450.7998046875,8155
2021-02-09 13:10:00+05:30,5450.7998046875,5463.60009765625,5450.0,5456.0,5456.0,19544
2021-02-09 13:15:00+05:30,5455.9501953125,5460.0,5450.7998046875,5452.4501953125,5452.4501953125,9919
2021-02-09 13:20:00+05:30,5452.0,5453.5,5445.7001953125,5451.10009765625,5451.10009765625,12431
2021-02-09 13:25:00+05:30,5451.60009765625,5453.4501953125,5443.25,5447.9501953125,5447.9501953125,14799
2021-02-09 13:30:00+05:30,5447.0,5452.0,5444.0,5449.5498046875,5449.5498046875,8633
2021-02-09 13:35:00+05:30,5448.10009765625,5455.0,5444.0,5449.2998046875,5449.2998046875,14031
2021-02-09 13:40:00+05:30,5448.0,5454.0,5445.0,5448.0,5448.0,9647
2021-02-09 13:45:00+05:30,5447.64990234375,5450.75,5446.0,5446.0,5446.0,3686
2021-02-09 13:50:00+05:30,5446.0,5449.0498046875,5445.0,5449.0498046875,5449.0498046875,7241
2021-02-09 13:55:00+05:30,5449.0498046875,5450.2998046875,5446.0498046875,5448.0,5448.0,6802
2021-02-09 14:00:00+05:30,5447.0,5448.0,5430.39990234375,5432.0,5432.0,43249
2021-02-09 14:05:00+05:30,5432.0,5432.25,5405.7001953125,5423.2998046875,5423.2998046875,107789
2021-02-09 14:10:00+05:30,5423.25,5439.0,5422.2998046875,5426.10009765625,5426.10009765625,33012
2021-02-09 14:15:00+05:30,5426.10009765625,5437.14990234375,5424.0,5434.9501953125,5434.9501953125,25083
2021-02-09 14:20:00+05:30,5435.35009765625,5435.35009765625,5424.0,5427.0,5427.0,14577
2021-02-09 14:25:00+05:30,5426.89990234375,5430.0,5420.0,5422.5,5422.5,19082
2021-02-09 14:30:00+05:30,5423.7998046875,5428.0,5413.14990234375,5415.85009765625,5415.85009765625,28217
2021-02-09 14:35:00+05:30,5415.75,5416.7998046875,5403.0,5406.7998046875,5406.7998046875,43714
2021-02-09 14:40:00+05:30,5406.5,5417.2998046875,5404.9501953125,5406.0498046875,5406.0498046875,32408
2021-02-09 14:45:00+05:30,5407.0,5407.5,5383.0,5383.4501953125,5383.4501953125,74378
2021-02-09 14:50:00+05:30,5385.2998046875,5414.25,5383.7001953125,5411.85009765625,5411.85009765625,57279
2021-02-09 14:55:00+05:30,5411.0,5411.10009765625,5395.2998046875,5396.0,5396.0,34211
2021-02-09 15:00:00+05:30,5394.9501953125,5404.9501953125,5385.0,5394.4501953125,5394.4501953125,42487
2021-02-09 15:05:00+05:30,5394.4501953125,5402.60009765625,5385.0,5399.0,5399.0,43126
2021-02-09 15:10:00+05:30,5397.0498046875,5408.14990234375,5390.10009765625,5391.2001953125,5391.2001953125,69992
2021-02-09 15:15:00+05:30,5393.9501953125,5408.0,5393.9501953125,5404.9501953125,5404.9501953125,69551
2021-02-09 15:20:00+05:30,5404.0,5412.0,5395.0,5409.5498046875,5409.5498046875,81908
2021-02-09 15:25:00+05:30,5408.0,5411.75,5401.0,5409.7998046875,5409.7998046875,43462
2021-02-10 09:15:00+05:30,5433.9501953125,5439.85009765625,5399.9501953125,5430.0498046875,5430.0498046875,141971
2021-02-10 09:20:00+05:30,5430.0,5438.35009765625,5415.0,5416.2998046875,5416.2998046875,72514
2021-02-10 09:25:00+05:30,5418.25,5452.5,5410.0,5442.0,5442.0,106181
2021-02-10 09:30:00+05:30,5443.0,5478.25,5441.2001953125,5472.75,5472.75,94800
2021-02-10 09:35:00+05:30,5470.89990234375,5483.9501953125,5453.64990234375,5465.0,5465.0,117657
2021-02-10 09:40:00+05:30,5463.0,5467.14990234375,5445.0,5450.89990234375,5450.89990234375,52794
2021-02-10 09:45:00+05:30,5450.0,5458.9501953125,5445.0,5452.9501953125,5452.9501953125,33758
2021-02-10 09:50:00+05:30,5451.0,5458.39990234375,5445.0,5451.0,5451.0,32456
2021-02-10 09:55:00+05:30,5451.0498046875,5458.9501953125,5433.0498046875,5440.0,5440.0,41544
2021-02-10 10:00:00+05:30,5438.89990234375,5449.0,5426.5498046875,5436.2998046875,5436.2998046875,51237
2021-02-10 10:05:00+05:30,5436.2001953125,5454.0,5435.89990234375,5447.5,5447.5,30045
2021-02-10 10:10:00+05:30,5444.39990234375,5463.7998046875,5444.0,5446.39990234375,5446.39990234375,33794
2021-02-10 10:15:00+05:30,5448.35009765625,5448.35009765625,5435.0,5443.10009765625,5443.10009765625,31286
2021-02-10 10:20:00+05:30,5443.0498046875,5443.75,5427.0,5427.85009765625,5427.85009765625,37607
2021-02-10 10:25:00+05:30,5429.0,5436.9501953125,5412.0,5414.35009765625,5414.35009765625,48462
2021-02-10 10:30:00+05:30,5415.0,5430.0,5409.7998046875,5416.4501953125,5416.4501953125,39853
2021-02-10 10:35:00+05:30,5416.4501953125,5421.0,5402.25,5408.0,5408.0,34958
2021-02-10 10:40:00+05:30,5407.0,5420.0,5405.0,5419.64990234375,5419.64990234375,33776
2021-02-10 10:45:00+05:30,5419.9501953125,5428.35009765625,5412.9501953125,5425.0,5425.0,27811
2021-02-10 10:50:00+05:30,5425.0,5435.7001953125,5419.0,5430.0,5430.0,19321
2021-02-10 10:55:00+05:30,5430.0,5442.9501953125,5430.0,5440.4501953125,5440.4501953125,27425
2021-02-10 11:00:00+05:30,5442.89990234375,5450.0,5435.0,5448.0,5448.0,58968
2021-02-10 11:05:00+05:30,5448.0,5452.9501953125,5440.0498046875,5443.0,5443.0,29164
2021-02-10 11:10:00+05:30,5443.0,5458.0,5436.7998046875,5453.89990234375,5453.89990234375,33788
2021-02-10 11:15:00+05:30,5453.89990234375,5460.0,5446.0,5451.0,5451.0,41293
2021-02-10 11:20:00+05:30,5451.14990234375,5462.0,5451.0,5455.14990234375,5455.14990234375,29563
2021-02-10 11:25:00+05:30,5456.10009765625,5459.0,5450.0,5453.2998046875,5453.2998046875,19100
2021-02-10 11:30:00+05:30,5453.5,5453.5,5441.2998046875,5444.10009765625,5444.10009765625,21155
2021-02-10 11:35:00+05:30,5445.0,5450.85009765625,5444.0,5448.0,5448.0,10264
2021-02-10 11:40:00+05:30,5448.0,5458.0,5442.5498046875,5453.5,5453.5,25249
2021-02-10 11:45:00+05:30,5453.5,5470.39990234375,5450.0,5459.0,5459.0,54532
2021-02-10 11:50:00+05:30,5459.2998046875,5464.0,5453.0,5457.85009765625,5457.85009765625,18545
2021-02-10 11:55:00+05:30,5457.0,5460.0,5453.0,5457.25,5457.25,14593
2021-02-10 12:00:00+05:30,5457.7001953125,5459.0,5443.0,5446.0,5446.0,28670
2021-02-10 12:05:00+05:30,5446.0,5454.0,5446.0,5451.0,5451.0,13340
2021-02-10 12:10:00+05:30,5450.7998046875,5452.0,5441.0,5445.0,5445.0,16652
2021-02-10 12:15:00+05:30,5445.89990234375,5450.7001953125,5442.0,5444.5498046875,5444.5498046875,12919
2021-02-10 12:20:00+05:30,5442.75,5453.0,5442.75,5450.39990234375,5450.39990234375,20169
2021-02-10 12:25:00+05:30,5451.9501953125,5453.0,5443.10009765625,5448.85009765625,5448.85009765625,11994
2021-02-10 12:30:00+05:30,5447.2998046875,5456.0,5447.2998046875,5450.5,5450.5,25066
2021-02-10 12:35:00+05:30,5450.5,5450.5,5442.7998046875,5447.0,5447.0,9494
2021-02-10 12:40:00+05:30,5446.0,5446.9501953125,5426.25,5428.10009765625,5428.10009765625,42670
2021-02-10 12:45:00+05:30,5429.75,5432.14990234375,5415.0,5430.0,5430.0,42587
2021-02-10 12:50:00+05:30,5430.0,5434.0,5423.0,5425.0498046875,5425.0498046875,15693
2021-02-10 12:55:00+05:30,5425.0,5426.60009765625,5415.0,5422.89990234375,5422.89990234375,29147
2021-02-10 13:00:00+05:30,5422.89990234375,5430.0,5420.0,5423.5,5423.5,16421
2021-02-10 13:05:00+05:30,5423.35009765625,5429.0,5419.5,5426.39990234375,5426.39990234375,13888
2021-02-10 13:10:00+05:30,5426.39990234375,5433.64990234375,5425.0,5431.0498046875,5431.0498046875,15598
2021-02-10 13:15:00+05:30,5433.5498046875,5434.5,5425.0,5431.0498046875,5431.0498046875,9434
2021-02-10 13:20:00+05:30,5431.0498046875,5433.85009765625,5426.10009765625,5432.0,5432.0,6219
2021-02-10 13:25:00+05:30,5430.0,5434.7001953125,5426.0,5427.0,5427.0,15836
2021-02-10 13:30:00+05:30,5426.0,5430.9501953125,5420.0,5420.0,5420.0,17510
2021-02-10 13:35:00+05:30,5420.0,5444.89990234375,5418.5,5437.60009765625,5437.60009765625,37662
2021-02-10 13:40:00+05:30,5439.2998046875,5440.35009765625,5405.5498046875,5415.0,5415.0,50824
2021-02-10 13:45:00+05:30,5415.60009765625,5421.4501953125,5409.5,5414.4501953125,5414.4501953125,25320
2021-02-10 13:50:00+05:30,5413.7998046875,5424.9501953125,5407.0,5422.35009765625,5422.35009765625,20822
2021-02-10 13:55:00+05:30,5424.89990234375,5430.0,5421.2001953125,5428.0,5428.0,16712
2021-02-10 14:00:00+05:30,5427.85009765625,5433.0,5419.0,5419.9501953125,5419.9501953125,14399
2021-02-10 14:05:00+05:30,5419.0,5429.0,5418.10009765625,5426.7998046875,5426.7998046875,12333
2021-02-10 14:10:00+05:30,5426.7998046875,5433.0,5423.85009765625,5432.5,5432.5,13792
2021-02-10 14:15:00+05:30,5432.4501953125,5435.2001953125,5426.0,5434.0498046875,5434.0498046875,19922
2021-02-10 14:20:00+05:30,5435.0,5440.9501953125,5431.35009765625,5433.0,5433.0,20962
2021-02-10 14:25:00+05:30,5433.0,5437.0,5428.0,5436.0,5436.0,9738
2021-02-10 14:30:00+05:30,5434.14990234375,5454.14990234375,5434.14990234375,5452.89990234375,5452.89990234375,57483
2021-02-10 14:35:00+05:30,5453.5,5455.64990234375,5440.0,5450.0,5450.0,45527
2021-02-10 14:40:00+05:30,5450.0,5454.0,5441.14990234375,5447.64990234375,5447.64990234375,20361
2021-02-10 14:45:00+05:30,5446.0498046875,5452.0,5424.85009765625,5428.14990234375,5428.14990234375,47391
2021-02-10 14:50:00+05:30,5430.10009765625,5439.89990234375,5425.0,5439.89990234375,5439.89990234375,22969
2021-02-10 14:55:00+05:30,5440.7001953125,5444.0,5432.0,5433.0,5433.0,15547
2021-02-10 15:00:00+05:30,5432.0,5453.5,5432.0,5451.0,5451.0,43606
2021-02-10 15:05:00+05:30,5451.0498046875,5470.0,5445.0,5466.0,5466.0,67811
2021-02-10 15:10:00+05:30,5466.64990234375,5488.7998046875,5466.25,5478.7998046875,5478.7998046875,90931
2021-02-10 15:15:00+05:30,5481.0498046875,5488.0,5475.0,5482.39990234375,5482.39990234375,57310
2021-02-10 15:20:00+05:30,5482.5,5502.0,5482.5,5500.0,5500.0,66217
2021-02-10 15:25:00+05:30,5500.0498046875,5501.0,5487.5498046875,5493.0,5493.0,31481
2021-02-11 09:15:00+05:30,5465.0,5520.0,5458.85009765625,5514.85009765625,5514.85009765625,0
2021-02-11 09:20:00+05:30,5519.25,5539.25,5510.39990234375,5512.7998046875,5512.7998046875,74833
2021-02-11 09:25:00+05:30,5510.39990234375,5540.0,5510.0,5534.0498046875,5534.0498046875,59616
2021-02-11 09:30:00+05:30,5536.9501953125,5536.9501953125,5515.0,5520.7998046875,5520.7998046875,42929
2021-02-11 09:35:00+05:30,5524.0,5531.85009765625,5518.0,5530.0,5530.0,30385
2021-02-11 09:40:00+05:30,5529.9501953125,5549.0,5521.64990234375,5540.39990234375,5540.39990234375,52023
2021-02-11 09:45:00+05:30,5540.39990234375,5555.0,5539.2001953125,5549.0498046875,5549.0498046875,59575
2021-02-11 09:50:00+05:30,5550.0,5553.0,5541.25,5547.5,5547.5,40597
2021-02-11 09:55:00+05:30,5547.9501953125,5553.0,5541.0,5552.2998046875,5552.2998046875,38612
2021-02-11 10:00:00+05:30,5553.0,5559.0,5545.0,5549.0,5549.0,41620
2021-02-11 10:05:00+05:30,5550.0,5555.0,5542.0,5544.0,5544.0,18784
2021-02-11 10:10:00+05:30,5543.75,5544.7998046875,5530.0,5532.2001953125,5532.2001953125,37633
2021-02-11 10:15:00+05:30,5530.5,5538.75,5524.64990234375,5535.0,5535.0,22954
2021-02-11 10:20:00+05:30,5536.7998046875,5550.0,5535.0,5535.0,5535.0,20063
2021-02-11 10:25:00+05:30,5534.0,5534.5,5520.60009765625,5531.0498046875,5531.0498046875,33196
2021-02-11 10:30:00+05:30,5523.0,5524.89990234375,5502.64990234375,5519.5,5519.5,58028
2021-02-11 10:35:00+05:30,5519.7001953125,5535.0,5518.5498046875,5535.0,5535.0,27134
2021-02-11 10:40:00+05:30,5534.5498046875,5540.0,5531.25,5537.0,5537.0,14933
2021-02-11 10:45:00+05:30,5538.5498046875,5544.9501953125,5536.75,5541.0498046875,5541.0498046875,18526
2021-02-11 10:50:00+05:30,5541.14990234375,5544.0,5536.14990234375,5543.89990234375,5543.89990234375,10568
2021-02-11 10:55:00+05:30,5544.0,5548.0,5538.4501953125,5545.60009765625,5545.60009765625,14713
2021-02-11 11:00:00+05:30,5545.10009765625,5545.60009765625,5538.5,5542.0,5542.0,11569
2021-02-11 11:05:00+05:30,5540.75,5550.0,5538.0,5546.39990234375,5546.39990234375,24493
2021-02-11 11:10:00+05:30,5543.64990234375,5548.0,5535.0,5535.0,5535.0,15542
2021-02-11 11:15:00+05:30,5537.0,5546.0,5531.0,5542.7001953125,5542.7001953125,12591
2021-02-11 11:20:00+05:30,5542.9501953125,5544.75,5537.7001953125,5541.60009765625,5541.60009765625,9112
2021-02-11 11:25:00+05:30,5544.7001953125,5555.0,5541.0498046875,5554.64990234375,5554.64990234375,36172
2021-02-11 11:30:00+05:30,5553.14990234375,5569.75,5553.10009765625,5569.2001953125,5569.2001953125,82816
2021-02-11 11:35:00+05:30,5568.0,5583.60009765625,5568.0,5582.0498046875,5582.0498046875,86783
2021-02-11 11:40:00+05:30,5582.0498046875,5584.0,5572.0,5584.0,5584.0,41929
2021-02-11 11:45:00+05:30,5581.75,5587.89990234375,5570.0,5572.0,5572.0,42994
2021-02-11 11:50:00+05:30,5571.14990234375,5573.0,5564.4501953125,5569.0,5569.0,20798
2021-02-11 11:55:00+05:30,5568.7998046875,5569.0,5556.0,5565.0,5565.0,25013
2021-02-11 12:00:00+05:30,5563.0,5564.0,5558.0,5561.9501953125,5561.9501953125,19197
2021-02-11 12:05:00+05:30,5561.5498046875,5575.0,5561.0,5572.2998046875,5572.2998046875,17725
2021-02-11 12:10:00+05:30,5570.5,5578.0,5567.0,5573.0,5573.0,16408
2021-02-11 12:15:00+05:30,5571.89990234375,5573.0,5570.0,5571.0,5571.0,6008
2021-02-11 12:20:00+05:30,5570.25,5575.0,5570.0,5574.5,5574.5,5735
2021-02-11 12:25:00+05:30,5573.0,5576.5498046875,5570.60009765625,5576.0,5576.0,10168
2021-02-11 12:30:00+05:30,5575.2001953125,5588.0,5575.2001953125,5579.0,5579.0,46596
2021-02-11 12:35:00+05:30,5579.0,5583.64990234375,5572.0,5574.2001953125,5574.2001953125,13664
2021-02-11 12:40:00+05:30,5574.2001953125,5577.0,5572.10009765625,5573.0498046875,5573.0498046875,7147
2021-02-11 12:45:00+05:30,5573.0498046875,5580.0,5570.0,5577.0498046875,5577.0498046875,16156
2021-02-11 12:50:00+05:30,5577.0498046875,5579.0,5566.9501953125,5567.0,5567.0,13097
2021-02-11 12:55:00+05:30,5567.0,5569.5498046875,5563.0498046875,5566.2001953125,5566.2001953125,15487
2021-02-11 13:00:00+05:30,5566.5498046875,5568.9501953125,5560.14990234375,5564.0,5564.0,16075
2021-02-11 13:05:00+05:30,5564.7001953125,5567.0,5563.0,5565.0,5565.0,12728
2021-02-11 13:10:00+05:30,5563.39990234375,5570.0,5563.0,5568.0498046875,5568.0498046875,18941
2021-02-11 13:15:00+05:30,5568.0498046875,5576.0,5565.0498046875,5568.89990234375,5568.89990234375,17477
2021-02-11 13:20:00+05:30,5568.85009765625,5568.85009765625,5562.0,5566.9501953125,5566.9501953125,13090
2021-02-11 13:25:00+05:30,5566.9501953125,5575.0,5563.0,5571.14990234375,5571.14990234375,9324
2021-02-11 13:30:00+05:30,5571.25,5575.0,5570.0,5574.39990234375,5574.39990234375,7400
2021-02-11 13:35:00+05:30,5574.39990234375,5574.9501953125,5564.0498046875,5566.0,5566.0,10845
2021-02-11 13:40:00+05:30,5565.5,5569.85009765625,5562.0,5563.10009765625,5563.10009765625,8564
2021-02-11 13:45:00+05:30,5563.60009765625,5574.5,5562.10009765625,5572.75,5572.75,13130
2021-02-11 13:50:00+05:30,5571.10009765625,5573.0,5565.0,5571.0,5571.0,8117
2021-02-11 13:55:00+05:30,5572.0,5574.9501953125,5568.10009765625,5568.75,5568.75,9325
2021-02-11 14:00:00+05:30,5568.60009765625,5570.0,5561.0498046875,5563.0498046875,5563.0498046875,13764
2021-02-11 14:05:00+05:30,5563.0498046875,5570.0,5561.4501953125,5569.9501953125,5569.9501953125,14341
2021-02-11 14:10:00+05:30,5569.7998046875,5570.0,5551.25,5560.85009765625,5560.85009765625,38363
2021-02-11 14:15:00+05:30,5560.85009765625,5563.0,5552.14990234375,5558.5,5558.5,22961
2021-02-11 14:20:00+05:30,5556.0,5570.0,5555.0498046875,5567.14990234375,5567.14990234375,19985
2021-02-11 14:25:00+05:30,5568.89990234375,5570.0,5563.2998046875,5565.7001953125,5565.7001953125,13962
2021-02-11 14:30:00+05:30,5565.7001953125,5569.0,5563.0,5568.5,5568.5,8127
2021-02-11 14:35:00+05:30,5568.5,5569.0,5563.14990234375,5568.0,5568.0,6780
2021-02-11 14:40:00+05:30,5567.75,5573.9501953125,5564.14990234375,5570.0498046875,5570.0498046875,25220
2021-02-11 14:45:00+05:30,5572.2998046875,5572.2998046875,5561.0,5566.0,5566.0,14310
2021-02-11 14:50:00+05:30,5566.0,5568.9501953125,5564.0,5568.10009765625,5568.10009765625,9996
2021-02-11 14:55:00+05:30,5568.4501953125,5569.0,5560.0,5560.60009765625,5560.60009765625,19695
2021-02-11 15:00:00+05:30,5560.60009765625,5566.0,5545.39990234375,5560.85009765625,5560.85009765625,45016
2021-02-11 15:05:00+05:30,5561.89990234375,5565.5,5559.9501953125,5564.0,5564.0,22791
2021-02-11 15:10:00+05:30,5564.0,5569.0,5560.0498046875,5567.85009765625,5567.85009765625,40465
2021-02-11 15:15:00+05:30,5566.14990234375,5582.0498046875,5563.0,5571.0,5571.0,71813
2021-02-11 15:20:00+05:30,5570.0,5580.0,5566.14990234375,5567.0498046875,5567.0498046875,48011
2021-02-11 15:25:00+05:30,5568.7998046875,5570.0,5563.14990234375,5566.25,5566.25,22313
2021-02-12 09:15:00+05:30,5575.0,5618.0,5572.5,5605.2001953125,5605.2001953125,0
2021-02-12 09:20:00+05:30,5603.5498046875,5607.0,5575.0,5577.0,5577.0,84090
2021-02-12 09:25:00+05:30,5578.0498046875,5592.2998046875,5565.7001953125,5577.10009765625,5577.10009765625,59979
2021-02-12 09:30:00+05:30,5575.0,5578.0,5556.5498046875,5570.0498046875,5570.0498046875,59134
2021-02-12 09:35:00+05:30,5575.9501953125,5575.9501953125,5552.0,5556.7001953125,5556.7001953125,47744
2021-02-12 09:40:00+05:30,5558.0,5569.5,5544.89990234375,5568.0,5568.0,44926
2021-02-12 09:45:00+05:30,5568.25,5577.2998046875,5560.7001953125,5568.5498046875,5568.5498046875,29642
2021-02-12 09:50:00+05:30,5569.9501953125,5575.0,5555.0,5559.0,5559.0,19057
2021-02-12 09:55:00+05:30,5557.0498046875,5563.0,5536.39990234375,5544.39990234375,5544.39990234375,36236
2021-02-12 10:00:00+05:30,5542.5498046875,5552.0,5533.0,5545.0,5545.0,34891
2021-02-12 10:05:00+05:30,5543.0498046875,5555.25,5543.0498046875,5548.7998046875,5548.7998046875,13440
2021-02-12 10:10:00+05:30,5548.7998046875,5559.9501953125,5545.0498046875,5554.5,5554.5,8982
2021-02-12 10:15:00+05:30,5554.5,5556.85009765625,5546.64990234375,5551.0,5551.0,7788
2021-02-12 10:20:00+05:30,5549.64990234375,5562.5,5549.64990234375,5561.89990234375,5561.89990234375,14651
2021-02-12 10:25:00+05:30,5560.0,5575.0,5558.64990234375,5575.0,5575.0,25725
2021-02-12 10:30:00+05:30,5575.0,5575.0,5565.14990234375,5568.64990234375,5568.64990234375,14552
2021-02-12 10:35:00+05:30,5568.64990234375,5575.0,5568.0,5572.0,5572.0,11726
2021-02-12 10:40:00+05:30,5572.0,5585.0,5570.0498046875,5580.9501953125,5580.9501953125,31335
2021-02-12 10:45:00+05:30,5580.75,5584.4501953125,5573.85009765625,5576.0,5576.0,16762
2021-02-12 10:50:00+05:30,5576.0,5580.0,5568.0,5578.25,5578.25,11754
2021-02-12 10:55:00+05:30,5579.0,5583.0,5578.35009765625,5581.0,5581.0,8505
2021-02-12 11:00:00+05:30,5582.0,5588.0,5573.0498046875,5586.0,5586.0,29865
2021-02-12 11:05:00+05:30,5586.0,5590.0,5583.0498046875,5589.0,5589.0,18730
2021-02-12 11:10:00+05:30,5589.89990234375,5590.0,5584.0498046875,5589.5,5589.5,18806
2021-02-12 11:15:00+05:30,5589.0,5595.0,5580.0,5586.60009765625,5586.60009765625,33677
2021-02-12 11:20:00+05:30,5586.60009765625,5588.0,5581.0,5583.0,5583.0,10970
2021-02-12 11:25:00+05:30,5584.89990234375,5588.0,5575.10009765625,5578.7998046875,5578.7998046875,12193
2021-02-12 11:30:00+05:30,5577.9501953125,5580.10009765625,5570.0,5571.89990234375,5571.89990234375,12685
2021-02-12 11:35:00+05:30,5571.4501953125,5571.9501953125,5555.2998046875,5560.0,5560.0,31771
2021-02-12 11:40:00+05:30,5559.64990234375,5565.0,5557.0,5563.89990234375,5563.89990234375,14340
2021-02-12 11:45:00+05:30,5563.85009765625,5566.14990234375,5559.0,5561.2998046875,5561.2998046875,8302
2021-02-12 11:50:00+05:30,5561.2998046875,5561.2998046875,5553.75,5559.4501953125,5559.4501953125,12947
2021-02-12 11:55:00+05:30,5559.4501953125,5560.5498046875,5541.2998046875,5546.75,5546.75,27782
2021-02-12 12:00:00+05:30,5546.64990234375,5560.0,5545.7998046875,5557.75,5557.75,12000
2021-02-12 12:05:00+05:30,5558.89990234375,5564.0,5556.0,5564.0,5564.0,8906
2021-02-12 12:10:00+05:30,5564.0,5564.0,5550.7001953125,5555.7998046875,5555.7998046875,14272
2021-02-12 12:15:00+05:30,5555.39990234375,5560.0,5553.7998046875,5558.2001953125,5558.2001953125,5802
2021-02-12 12:20:00+05:30,5558.14990234375,5564.0,5557.25,5562.0,5562.0,7214
2021-02-12 12:25:00+05:30,5562.0498046875,5568.89990234375,5562.0498046875,5568.0,5568.0,10044
2021-02-12 12:30:00+05:30,5568.0,5568.89990234375,5563.25,5565.7001953125,5565.7001953125,5482
2021-02-12 12:35:00+05:30,5565.7001953125,5574.0498046875,5562.85009765625,5567.64990234375,5567.64990234375,14101
2021-02-12 12:40:00+05:30,5566.0,5571.0,5566.0,5566.25,5566.25,5785
2021-02-12 12:45:00+05:30,5568.39990234375,5579.5,5566.2001953125,5577.89990234375,5577.89990234375,13910
2021-02-12 12:50:00+05:30,5576.0498046875,5579.0,5573.0,5577.0,5577.0,7603
2021-02-12 12:55:00+05:30,5576.9501953125,5579.39990234375,5572.0,5575.85009765625,5575.85009765625,13405
2021-02-12 13:00:00+05:30,5575.7998046875,5579.39990234375,5566.0,5570.0498046875,5570.0498046875,14755
2021-02-12 13:05:00+05:30,5572.0,5572.89990234375,5568.0,5570.2001953125,5570.2001953125,8594
2021-02-12 13:10:00+05:30,5570.25,5572.0,5560.0,5564.0,5564.0,16493
2021-02-12 13:15:00+05:30,5564.0,5572.0,5561.0,5571.9501953125,5571.9501953125,6006
2021-02-12 13:20:00+05:30,5572.0,5575.0,5568.14990234375,5570.2001953125,5570.2001953125,6224
2021-02-12 13:25:00+05:30,5571.10009765625,5572.0,5565.14990234375,5567.5,5567.5,4747
2021-02-12 13:30:00+05:30,5568.2001953125,5574.0,5566.0,5572.0498046875,5572.0498046875,7758
2021-02-12 13:35:00+05:30,5573.0,5578.0,5568.10009765625,5569.7998046875,5569.7998046875,10154
2021-02-12 13:40:00+05:30,5570.0,5570.0,5561.7998046875,5567.0,5567.0,12945
2021-02-12 13:45:00+05:30,5567.2998046875,5567.9501953125,5564.0,5564.0,5564.0,7776
2021-02-12 13:50:00+05:30,5564.0,5564.7001953125,5550.64990234375,5553.75,5553.75,25832
2021-02-12 13:55:00+05:30,5554.7998046875,5561.89990234375,5545.0,5557.60009765625,5557.60009765625,24890
2021-02-12 14:00:00+05:30,5557.89990234375,5558.0,5540.0498046875,5546.60009765625,5546.60009765625,30590
2021-02-12 14:05:00+05:30,5545.64990234375,5564.39990234375,5545.64990234375,5562.75,5562.75,20189
2021-02-12 14:10:00+05:30,5562.64990234375,5564.0,5551.2998046875,5551.2998046875,5551.2998046875,9863
2021-02-12 14:15:00+05:30,5552.0,5560.0,5550.39990234375,5555.0,5555.0,10579
2021-02-12 14:20:00+05:30,5556.7001953125,5572.35009765625,5555.0,5566.2001953125,5566.2001953125,18956
2021-02-12 14:25:00+05:30,5565.0,5568.0,5551.10009765625,5551.10009765625,5551.10009765625,14494
2021-02-12 14:30:00+05:30,5549.2998046875,5565.64990234375,5547.75,5560.0,5560.0,20184
2021-02-12 14:35:00+05:30,5559.9501953125,5565.64990234375,5559.14990234375,5561.0,5561.0,9621
2021-02-12 14:40:00+05:30,5561.0,5565.64990234375,5555.0,5558.0498046875,5558.0498046875,10334
2021-02-12 14:45:00+05:30,5558.10009765625,5566.0,5556.35009765625,5562.0,5562.0,10755
2021-02-12 14:50:00+05:30,5563.0,5576.7001953125,5560.0,5571.64990234375,5571.64990234375,24039
2021-02-12 14:55:00+05:30,5574.0,5575.39990234375,5565.0,5566.0,5566.0,11850
2021-02-12 15:00:00+05:30,5563.0,5574.75,5563.0,5570.0,5570.0,13389
2021-02-12 15:05:00+05:30,5570.0,5573.7001953125,5567.0,5573.7001953125,5573.7001953125,15175
2021-02-12 15:10:00+05:30,5573.9501953125,5579.0,5570.2001953125,5574.0,5574.0,38836
2021-02-12 15:15:00+05:30,5575.0,5589.89990234375,5573.2001953125,5588.60009765625,5588.60009765625,49731
2021-02-12 15:20:00+05:30,5589.0,5590.0,5578.5498046875,5580.0,5580.0,40622
2021-02-12 15:25:00+05:30,5580.0,5580.0,5566.64990234375,5577.4501953125,5577.4501953125,0
